Anode_Overhang_mm,Electrolyte_Volume_ml,Internal_Resistance_mOhm,Capacity_mAh,Retention_50Cycle_Pct,Ambient_Temp_C
0.164,14.87,13.79,4982.0,96.38,22.4
0.171,15.08,13.49,4991.0,97.43,25.55
0.145,15.09,13.99,5013.0,97.14,25.33
0.183,15.01,15.25,4978.0,98.18,23.24
0.106,15.17,13.63,5001.0,96.52,20.66
0.102,15.01,13.29,5009.0,97.97,19.96
0.136,15.2,14.97,5024.0,96.59,20.15
0.126,14.98,14.11,4950.0,97.33,24.22
0.149,15.06,14.11,4993.0,98.13,21.46
0.139,14.64,15.22,4967.0,97.58,25.74
0.161,14.96,14.44,5015.0,97.93,23.07
0.154,14.94,13.02,4977.0,97.18,21.19
0.134,14.86,14.16,5035.0,96.27,23.03
0.113,15.02,15.59,4925.0,93.08,23.57
0.139,14.89,13.9,4992.0,97.13,24.19
0.136,14.94,14.31,4981.0,97.29,24.3
0.14,14.96,14.3,5042.0,95.39,20.44
0.131,15.08,14.11,4972.0,96.6,22.13
0.136,15.09,13.54,5001.0,97.4,22.57
0.081,14.85,13.94,5022.0,95.63,23.15
0.159,14.87,13.9,5059.0,98.26,24.97
0.109,15.05,15.11,4978.0,96.07,22.25
0.135,15.07,13.76,5008.0,96.73,24.39
0.13,14.99,13.19,5059.0,96.88,20.97
0.156,15.02,14.87,4996.0,96.98,21.81
0.121,15.08,14.86,5030.0,95.33,23.18
0.161,15.05,14.3,5008.0,97.13,23.53
0.144,15.03,14.54,4978.0,95.55,25.02
0.141,14.92,14.52,4989.0,97.66,23.92
0.146,14.78,16.44,4836.0,96.7,26.5
0.153,15.09,13.04,5046.0,96.58,22.42
0.112,14.69,15.12,4944.0,97.37,26.22
0.136,15.11,13.37,5021.0,97.2,21.15
0.15,14.94,13.32,5069.0,96.87,25.24
0.147,14.96,14.69,4974.0,97.74,19.54
0.159,14.89,14.04,4969.0,95.79,24.31
0.135,14.94,13.87,4962.0,97.75,23.77
0.133,14.91,14.22,5038.0,97.8,24.14
0.141,15.02,14.46,5035.0,95.83,22.5
0.122,14.99,14.42,4996.0,96.44,22.11
0.125,15.12,14.06,4993.0,95.19,24.6
0.135,15.01,13.86,4953.0,97.33,24.69
0.161,14.97,12.37,5011.0,96.53,23.6
0.139,15.17,13.73,5060.0,97.17,22.46
0.146,14.9,12.9,4911.0,97.0,22.83
0.163,15.11,14.49,5001.0,96.47,22.84
0.149,14.69,15.08,4990.0,96.67,26.25
0.086,14.85,15.25,4957.0,97.09,24.07
0.146,15.04,12.64,5046.0,96.92,24.88
0.152,15.23,14.24,4996.0,96.76,18.1
0.103,15.09,14.28,5031.0,95.62,24.85
0.137,14.93,13.57,4972.0,97.15,23.97
0.15,14.71,16.06,4886.0,92.13,21.59
0.124,15.18,14.23,5062.0,96.83,21.94
0.137,14.88,14.58,4982.0,96.88,22.27
0.167,14.87,13.49,4984.0,96.86,21.19
0.103,15.08,13.41,5008.0,97.67,22.48
0.142,15.11,14.51,4985.0,96.55,24.11
0.113,14.97,14.32,5009.0,96.64,20.02
0.122,15.0,13.77,4996.0,97.06,24.57
0.139,15.04,13.8,4989.0,97.68,21.51
0.16,14.97,14.43,5018.0,96.47,23.64
0.144,15.09,14.31,5035.0,97.55,23.92
0.121,15.0,13.21,5001.0,97.32,20.0
0.136,15.12,13.92,4998.0,97.98,21.84
0.114,15.16,14.25,4999.0,96.98,21.99
0.114,15.07,14.03,4971.0,97.45,25.04
0.154,14.81,14.41,4963.0,98.98,28.05
0.132,14.82,14.29,5040.0,98.1,26.47
0.144,14.98,13.6,4958.0,95.62,21.28
0.107,15.04,14.1,5026.0,96.87,24.24
0.135,15.09,13.1,4959.0,96.98,26.34
0.165,14.97,14.26,4952.0,97.56,18.79
0.149,14.87,14.43,5029.0,97.44,24.66
0.14,14.99,13.44,5017.0,97.55,23.31
0.132,14.69,15.1,4930.0,97.3,26.5
0.132,15.05,14.78,4979.0,98.21,23.07
0.151,14.97,14.46,5010.0,98.88,24.29
0.139,14.92,14.7,4939.0,95.79,19.39
0.14,15.05,14.16,5007.0,98.42,23.75
0.115,15.01,14.5,4953.0,96.07,24.55
0.092,15.14,13.97,4975.0,95.34,22.46
0.137,15.19,13.62,5011.0,96.45,19.9
0.139,15.03,13.99,4977.0,96.21,23.63
0.162,15.11,15.17,4928.0,96.43,21.27
0.134,15.0,13.65,5015.0,95.77,22.51
0.151,14.87,14.54,4964.0,97.0,22.4
0.188,14.88,13.56,4998.0,97.5,23.5
0.159,15.02,15.12,4963.0,97.55,24.64
0.118,14.84,14.08,5033.0,97.32,22.94
0.111,14.89,14.22,5000.0,96.52,22.38
0.099,14.95,13.73,5025.0,97.55,21.71
0.158,14.94,13.49,4985.0,97.42,24.09
0.118,14.97,14.17,5025.0,97.72,21.41
0.138,14.97,15.08,5006.0,96.6,24.05
0.121,15.04,13.5,4974.0,97.55,23.07
0.177,14.66,15.39,4955.0,96.49,26.76
0.135,14.86,14.42,5009.0,96.97,23.48
0.136,14.99,13.84,5002.0,95.89,23.89
0.177,14.95,13.98,4965.0,96.56,20.32
0.145,14.94,14.2,5001.0,98.48,22.73
0.112,15.2,14.51,5028.0,97.68,24.61
0.176,14.9,13.55,4973.0,96.35,24.43
0.084,15.02,13.98,4960.0,95.9,24.34
0.161,14.82,14.32,5008.0,98.21,25.79
0.085,15.17,14.16,4986.0,97.37,25.01
0.15,15.07,13.57,4917.0,96.72,23.6
0.105,14.92,13.81,4999.0,96.39,20.9
0.11,15.0,13.56,4966.0,96.57,22.45
0.157,15.13,14.61,5038.0,97.23,22.85
0.116,15.04,13.97,4948.0,96.87,23.48
0.146,14.97,15.0,5048.0,97.87,24.78
0.167,14.88,14.49,4980.0,96.51,23.05
0.119,15.04,14.01,4980.0,97.51,22.55
0.149,15.12,13.43,5006.0,96.77,22.54
0.178,15.06,13.55,5037.0,97.39,21.43
0.173,14.86,14.08,4957.0,96.99,21.9
0.164,15.03,13.93,4997.0,96.44,22.55
0.125,15.07,13.46,5009.0,96.1,24.9
0.123,14.91,14.35,5034.0,97.72,22.8
0.099,14.98,13.94,4983.0,96.56,24.82
0.152,15.07,15.1,4946.0,96.13,21.28
0.126,14.9,13.86,4952.0,97.25,24.09
0.148,15.11,15.81,4902.0,92.46,23.69
0.174,15.07,14.03,5032.0,98.24,22.69
0.18,15.07,14.4,5009.0,97.0,22.0
0.163,14.99,13.88,5016.0,96.45,21.78
0.129,15.04,13.37,4985.0,97.38,19.51
0.121,15.14,13.48,5017.0,96.98,21.23
0.128,15.07,13.03,4980.0,95.98,21.29
0.097,15.1,14.3,5031.0,96.71,22.5
0.114,14.94,13.7,4962.0,95.48,24.6
0.136,15.23,13.21,4990.0,95.81,22.24
0.115,15.06,13.98,5022.0,97.75,23.0
0.133,14.9,14.28,4964.0,97.35,27.4
0.162,14.98,15.38,4872.0,96.29,23.56
0.168,14.97,15.23,4973.0,95.74,24.68
0.125,14.97,14.06,4972.0,97.66,26.18
0.158,14.91,13.53,4979.0,96.74,24.84
0.132,14.82,13.99,4987.0,97.95,21.51
0.17,14.69,15.87,4828.0,90.99,23.61
0.128,15.02,14.11,4989.0,96.72,20.85
0.159,14.91,14.43,5025.0,95.93,19.27
0.173,14.93,13.7,5040.0,95.67,23.67
0.15,14.99,14.51,5004.0,95.6,24.06
0.154,15.16,14.23,5032.0,96.31,22.31
0.132,14.87,12.81,4996.0,97.22,22.44
0.183,15.12,15.07,4956.0,96.89,20.3
0.138,14.94,14.18,4976.0,97.26,23.93
0.136,14.91,13.96,4998.0,97.54,23.03
0.141,15.07,13.41,4987.0,97.61,23.94
0.162,15.19,12.74,5035.0,97.61,20.85
0.111,14.86,15.43,4939.0,97.91,23.57
0.166,15.03,14.96,4974.0,96.15,22.69
0.143,15.05,13.61,4973.0,95.69,23.0
0.155,14.86,14.5,5005.0,97.05,26.92
0.153,14.84,13.48,5001.0,97.1,20.63
0.126,14.91,14.02,5007.0,96.21,24.86
0.138,14.99,15.12,4997.0,96.54,25.05
0.119,15.09,14.02,4941.0,98.14,24.43
0.128,15.12,14.44,5012.0,95.8,20.14
0.157,14.97,13.93,5023.0,97.25,21.17
0.152,14.78,16.0,4886.0,93.89,23.6
0.115,14.9,15.25,4973.0,96.43,24.66
0.157,14.9,14.22,5020.0,96.41,22.73
0.118,14.94,13.93,5015.0,97.73,21.5
0.109,14.93,15.05,4992.0,97.86,24.34
0.179,14.98,14.5,4996.0,97.73,28.5
0.182,15.0,14.28,5047.0,97.46,22.73
0.152,14.65,15.12,5017.0,98.2,26.29
0.143,15.1,13.69,4983.0,95.57,21.22
0.096,14.95,14.57,5042.0,97.28,25.37
0.15,14.88,14.39,4977.0,97.44,22.81
0.119,14.87,13.79,4988.0,97.48,23.8
0.155,14.99,13.96,5005.0,96.8,25.64
0.115,14.92,15.27,4994.0,96.5,21.24
0.165,14.94,13.99,4977.0,96.3,20.44
0.095,15.06,13.78,5004.0,96.15,22.51
0.095,14.96,14.07,5066.0,97.95,20.95
0.125,15.0,14.6,5000.0,97.6,22.53
0.157,15.06,14.14,4988.0,98.8,23.55
0.169,14.72,16.14,4860.0,93.94,25.81
0.144,14.96,14.57,5014.0,97.15,22.32
0.135,14.87,14.62,5016.0,97.46,25.36
0.125,14.7,16.69,4737.0,95.25,27.9
0.128,14.88,14.19,5026.0,96.9,24.68
0.132,14.88,14.68,5035.0,96.63,24.55
0.159,14.88,14.23,5008.0,97.29,19.55
0.137,15.06,13.59,4986.0,96.71,24.13
0.128,14.92,15.06,5011.0,97.3,21.56
0.159,15.13,13.09,4984.0,97.33,21.3
0.15,15.17,15.15,4950.0,98.64,19.63
0.12,14.87,14.76,4966.0,96.54,23.9
0.119,15.05,14.94,5015.0,97.57,23.39
0.13,14.73,15.29,4946.0,98.44,25.84
0.126,14.9,13.33,5010.0,96.1,25.0
0.114,14.86,14.03,4975.0,95.95,22.05
0.172,14.85,14.49,4959.0,95.93,24.05
0.142,15.07,14.25,4975.0,98.91,22.02
0.125,14.96,13.18,4988.0,97.31,28.16
0.106,14.96,14.08,5028.0,97.8,24.88
0.11,15.02,13.87,5002.0,96.41,23.48
0.16,14.65,16.25,4845.0,93.65,26.8
0.125,15.05,14.3,5034.0,96.12,20.29
0.135,15.04,13.7,5022.0,96.59,21.33
0.13,14.89,14.89,4989.0,97.69,25.83
0.13,14.99,13.93,5045.0,98.47,23.59
0.157,15.11,14.33,5005.0,96.83,24.69
0.137,14.96,13.85,5013.0,96.84,22.12
0.141,15.07,13.64,5006.0,96.76,22.41
0.124,14.88,14.28,4968.0,96.33,25.37
0.123,14.92,13.32,5026.0,96.43,23.34
0.114,15.02,13.41,5045.0,96.71,24.39
0.147,14.95,13.83,5028.0,96.98,22.36
0.154,14.96,14.34,4961.0,96.39,23.34
0.146,15.02,14.02,5053.0,97.04,23.02
0.105,14.91,14.6,5013.0,97.56,21.01
0.118,15.01,14.35,4981.0,96.16,22.97
0.11,14.93,15.01,5011.0,96.48,24.47
0.15,14.97,14.82,5016.0,97.17,22.49
0.157,14.98,14.49,4982.0,97.53,23.51
0.116,14.96,14.5,4945.0,94.85,23.48
0.176,15.04,14.28,5044.0,96.69,21.32
0.14,14.93,14.85,4993.0,96.98,24.95
0.146,14.99,15.17,4980.0,97.14,24.36
0.13,15.12,13.86,4991.0,96.33,23.09
0.136,15.01,14.66,5032.0,97.73,19.27
0.114,14.99,15.07,4973.0,97.74,21.19
0.149,14.94,15.81,4887.0,92.02,19.79
0.133,15.12,13.98,4999.0,97.4,23.82
0.125,15.1,14.94,4953.0,98.34,24.07
0.17,15.14,13.72,5038.0,97.25,22.79
0.093,15.05,14.31,5010.0,97.77,20.15
0.131,14.92,14.71,4937.0,99.36,21.66
0.159,15.01,13.63,4958.0,97.0,22.73
0.182,14.59,14.62,5018.0,97.18,25.74
0.149,15.0,14.62,4957.0,97.32,23.96
0.156,14.88,14.05,4986.0,97.43,25.13
0.155,15.04,14.12,4972.0,95.8,24.01
0.136,15.17,13.24,5006.0,96.42,19.75
0.148,15.01,14.03,5001.0,95.71,20.92
0.161,15.01,14.16,5039.0,97.2,23.47
0.138,14.82,14.81,4927.0,97.71,24.44
0.114,14.88,14.34,5014.0,96.89,23.9
0.119,15.1,13.75,5014.0,97.59,20.35
0.119,15.05,15.02,4998.0,94.81,23.28
0.16,14.92,14.11,5005.0,97.8,23.63
0.128,15.21,15.7,4923.0,95.99,20.26
0.135,15.16,13.39,4992.0,96.56,23.37
0.134,14.92,14.33,4979.0,97.52,23.12
0.145,15.13,13.68,5001.0,95.4,21.2
0.113,15.1,13.95,5019.0,96.74,25.4
0.194,14.96,15.08,4989.0,96.04,23.88
0.137,14.9,14.6,5027.0,97.44,22.56
0.152,14.95,15.01,5008.0,97.59,24.87
0.126,15.21,13.68,4957.0,96.77,24.45
0.156,14.92,14.81,4973.0,97.11,25.6
0.158,14.96,14.32,5006.0,97.32,23.02
0.152,14.94,13.89,5008.0,95.35,24.03
0.104,14.95,14.42,4978.0,96.69,22.69
0.14,14.98,14.44,4980.0,97.57,22.38
0.113,14.9,13.8,4994.0,98.49,23.41
0.156,15.17,14.05,5012.0,96.09,22.56
0.162,14.86,14.15,5019.0,98.34,20.88
0.122,14.97,13.56,5060.0,98.44,20.76
0.145,14.81,13.88,4960.0,97.46,24.69
0.128,14.98,13.42,5035.0,95.9,22.78
0.169,15.02,15.06,5006.0,97.11,24.59
0.181,15.05,15.13,4973.0,97.62,24.35
0.076,14.89,14.78,5026.0,96.52,21.35
0.118,15.09,14.48,5022.0,96.39,19.82
0.145,14.93,14.63,4979.0,97.45,26.13
0.111,15.07,13.19,5023.0,96.74,23.7
0.146,14.98,14.76,4989.0,96.63,19.87
0.159,15.28,14.18,4988.0,96.37,20.84
0.141,14.92,13.48,4992.0,97.92,25.21
0.145,14.93,13.81,4981.0,97.05,24.1
0.131,15.11,13.64,4961.0,98.29,23.67
0.12,14.97,13.53,4995.0,97.1,20.56
0.12,15.1,14.59,4996.0,96.73,22.21
0.138,15.13,13.49,5042.0,96.34,23.7
0.106,15.0,13.48,4992.0,97.5,22.36
0.142,14.9,13.87,4987.0,97.02,24.53
0.157,15.15,14.17,4957.0,96.59,24.71
0.131,15.09,15.33,4982.0,97.29,22.88
0.112,14.84,14.99,4992.0,97.25,23.68
0.16,14.97,14.0,5028.0,97.02,21.99
0.137,15.01,15.19,4984.0,96.38,21.12
0.1,15.15,14.37,5048.0,97.12,23.43
0.148,15.02,13.23,4985.0,96.94,22.1
0.155,14.92,15.04,4983.0,96.81,22.24
0.167,14.6,14.97,5012.0,96.15,25.53
0.136,14.5,15.48,4887.0,98.56,27.13
0.135,15.1,13.72,5008.0,95.75,22.08
0.153,14.97,13.96,5009.0,97.22,23.22
0.136,15.08,13.07,5043.0,98.22,25.17
0.146,14.95,13.51,5012.0,96.27,23.44
0.144,14.86,13.35,4978.0,97.06,23.17
0.153,14.86,13.78,4974.0,97.01,23.0
0.159,14.85,13.46,5017.0,98.22,22.53
0.136,15.18,14.17,4946.0,97.07,19.96
0.17,15.03,15.0,4974.0,98.29,24.18
0.145,14.87,14.31,4987.0,96.34,23.6
0.117,14.99,14.56,5000.0,97.49,24.6
0.143,15.02,13.6,4966.0,96.75,22.82
0.136,14.84,14.03,4986.0,97.45,26.93
0.139,14.93,14.65,5040.0,97.55,23.18
0.142,15.02,13.25,4967.0,97.97,23.74
0.103,15.06,14.55,4978.0,97.0,22.63
0.106,15.07,14.53,4975.0,96.79,24.82
0.093,15.05,13.81,4982.0,97.7,20.05
0.135,14.92,13.48,5002.0,96.32,21.93
0.149,15.04,14.33,5006.0,97.94,20.68
0.134,15.01,13.85,4995.0,97.32,23.89
0.168,14.94,15.17,4998.0,97.8,22.83
0.111,15.04,13.88,4977.0,96.06,24.17
0.147,15.04,14.4,5022.0,96.31,22.71
0.124,15.04,15.37,4951.0,97.72,24.44
0.129,15.09,14.14,4984.0,97.3,24.79
0.152,14.89,13.58,5017.0,98.01,25.04
0.151,15.09,14.92,5038.0,96.42,23.4
0.127,14.87,14.42,5017.0,97.77,23.43
0.099,14.97,14.24,5008.0,97.47,24.31
0.143,15.04,14.62,5039.0,98.16,22.05
0.13,14.89,14.09,5000.0,96.08,23.19
0.104,15.06,13.37,4978.0,98.23,20.55
0.129,15.0,13.39,5053.0,96.6,22.36
0.103,15.07,14.18,4982.0,95.94,25.48
0.12,14.88,14.49,4993.0,96.67,23.26
0.112,15.17,15.08,4981.0,95.55,25.43
0.159,14.95,14.56,4955.0,96.48,25.1
0.113,15.07,14.35,5019.0,96.59,21.96
0.108,14.97,15.47,4945.0,96.38,23.99
0.167,15.01,15.05,4997.0,97.47,21.2
0.114,14.69,16.38,4762.0,96.33,26.3
0.134,14.97,14.57,5009.0,96.81,22.23
0.139,15.16,13.86,5002.0,97.23,23.99
0.108,14.83,13.24,5026.0,97.01,24.62
0.136,15.04,14.09,5006.0,96.59,23.41
0.115,14.93,13.81,5025.0,95.76,23.89
0.111,14.94,13.63,5024.0,97.52,23.21
0.126,14.96,14.06,4969.0,95.93,23.55
0.167,15.08,13.83,4983.0,95.61,23.14
0.17,14.91,14.81,5002.0,97.11,23.77
0.152,15.15,13.32,4957.0,95.81,22.99
0.145,15.07,14.12,4980.0,97.28,24.76
0.131,14.93,13.68,4993.0,98.12,24.82
0.14,15.1,14.98,5014.0,97.02,24.11
0.121,15.05,13.95,4998.0,98.03,21.53
0.129,14.94,13.91,4977.0,97.39,24.65
0.143,14.99,14.09,4982.0,95.92,18.16
0.179,15.03,14.32,4988.0,95.9,24.94
0.162,14.92,14.53,5040.0,96.99,23.33
0.132,15.02,14.59,4990.0,96.52,22.63
0.127,15.0,15.59,4883.0,94.29,24.65
0.131,14.87,14.71,5014.0,96.63,26.33
0.13,15.07,13.73,5033.0,97.31,24.24
0.145,15.0,14.52,4975.0,97.54,24.84
0.156,14.96,13.78,4995.0,96.61,25.0
0.16,14.96,15.03,5023.0,97.27,24.19
0.104,14.85,14.2,5012.0,97.13,22.28
0.146,14.71,14.94,4968.0,98.17,26.5
0.146,15.04,14.96,5036.0,96.62,23.39
0.129,14.79,16.98,4720.0,95.04,26.3
0.135,15.15,14.48,4988.0,97.26,22.45
0.134,15.03,15.49,4940.0,97.44,22.27
0.153,15.03,14.0,4939.0,96.14,24.42
0.123,15.01,15.36,4901.0,97.87,23.58
0.143,15.17,14.38,5012.0,97.2,25.04
0.125,15.03,14.92,5020.0,97.62,21.32
0.13,14.99,15.4,4981.0,96.47,25.05
0.162,14.71,14.81,4981.0,97.48,23.48
0.113,14.58,15.82,4855.0,94.34,26.68
0.172,15.08,13.92,5036.0,96.25,23.2
0.15,14.87,13.8,5030.0,96.86,21.89
0.138,14.93,15.52,4918.0,95.12,25.37
0.149,14.99,14.25,5013.0,96.35,24.8
0.114,15.01,14.49,4982.0,95.48,21.12
0.135,14.99,13.34,5005.0,98.05,23.2
0.114,15.01,14.31,4964.0,96.52,24.76
0.132,15.01,14.63,4977.0,96.8,19.51
0.095,14.87,14.08,4991.0,97.51,23.39
0.16,14.91,13.83,5005.0,96.74,25.25
0.147,15.09,14.98,4947.0,97.06,25.12
0.142,15.05,14.66,5025.0,97.13,21.4
0.149,15.02,14.86,4944.0,98.28,24.45
0.134,14.81,13.63,4958.0,95.71,27.34
0.143,14.89,13.74,4977.0,96.88,21.4
0.168,14.87,15.78,4894.0,92.65,24.09
0.148,15.06,13.46,5003.0,98.61,24.63
0.1,15.0,13.41,4992.0,97.53,24.52
0.176,15.01,13.02,5010.0,96.66,23.13
0.128,14.85,14.02,4991.0,96.71,25.17
0.134,14.95,13.93,4997.0,97.27,19.84
0.123,14.88,14.47,4920.0,97.29,25.6
0.12,14.96,13.99,5015.0,96.71,22.64
0.157,15.0,14.24,5014.0,96.07,24.89
0.14,15.04,14.42,4974.0,97.33,22.3
0.135,14.54,15.05,4991.0,98.13,26.79
0.106,15.17,14.59,5025.0,97.45,20.84
0.14,15.15,13.79,4967.0,96.71,22.93
0.102,14.99,14.43,5042.0,96.89,21.43
0.097,14.94,13.65,4981.0,97.62,24.7
0.161,15.02,13.66,4931.0,98.51,23.22
0.103,15.1,14.02,5068.0,96.94,21.44
0.118,15.01,15.27,4989.0,97.39,23.19
0.147,15.0,14.24,5084.0,97.83,21.06
0.144,14.8,16.53,4708.0,94.53,21.63
0.174,14.86,14.39,4981.0,97.33,25.5
0.132,15.16,13.6,5077.0,96.77,25.26
0.11,15.11,13.8,4990.0,97.34,22.11
0.14,14.86,14.18,5041.0,97.52,23.94
0.153,14.93,15.05,5003.0,97.12,21.27
0.145,14.94,13.9,4990.0,97.89,19.85
0.161,14.85,14.74,5005.0,95.68,24.18
0.142,14.93,14.07,4960.0,97.03,21.24
0.103,14.99,14.67,4968.0,98.87,25.13
0.14,14.85,14.1,4981.0,97.67,24.61
0.182,14.96,15.16,5051.0,96.66,21.3
0.146,15.0,14.28,4962.0,97.05,22.42
0.133,14.8,14.68,4972.0,98.03,24.48
0.137,14.81,13.88,5020.0,95.87,24.45
0.163,15.06,14.66,4969.0,97.27,24.09
0.116,15.07,14.78,5028.0,97.67,21.47
0.165,15.05,13.86,5029.0,96.98,22.74
0.153,15.26,14.6,5027.0,98.7,22.56
0.173,15.02,14.45,5002.0,96.95,22.73
0.169,15.02,13.61,5028.0,98.22,21.03
0.145,14.91,14.53,5004.0,97.21,22.8
0.139,14.99,14.85,5024.0,97.63,23.96
0.156,14.86,13.9,4996.0,98.2,25.92
0.14,15.06,15.09,4963.0,97.72,23.95
0.141,15.03,14.59,4999.0,97.68,20.93
0.15,14.83,13.08,4966.0,96.62,19.22
0.148,15.05,13.75,5017.0,98.88,20.61
0.128,15.02,13.68,5028.0,95.81,19.38
0.166,14.9,15.12,5012.0,98.78,21.49
0.149,15.09,13.73,4974.0,97.22,20.68
0.107,14.78,16.05,4875.0,95.5,26.08
0.149,15.08,14.07,4988.0,97.34,24.17
0.133,14.99,13.98,4972.0,96.24,19.39
0.164,15.12,14.18,5025.0,98.71,25.17
0.123,14.95,14.1,5052.0,98.02,24.43
0.103,14.96,15.56,4946.0,93.96,23.38
0.153,15.23,14.65,4975.0,97.2,21.63
0.163,14.88,13.6,5005.0,96.74,17.75
0.122,15.19,13.56,4971.0,97.44,21.13
0.087,15.09,13.74,4998.0,96.75,22.68
0.131,14.98,14.14,5004.0,99.49,23.17
0.13,14.98,14.3,5014.0,97.2,18.12
0.154,14.99,13.91,4980.0,96.61,21.84
0.12,15.14,14.35,4957.0,97.6,17.53
0.11,14.91,13.43,4989.0,98.4,24.48
0.126,15.14,13.93,4999.0,95.3,24.8
0.158,15.13,13.65,5019.0,96.25,23.1
0.174,15.08,14.14,5008.0,96.84,23.75
0.151,15.11,13.75,4978.0,97.92,22.42
0.113,14.93,13.54,5002.0,96.47,21.92
0.138,15.01,14.06,4983.0,97.15,22.2
0.118,14.73,15.61,4916.0,93.62,25.33
0.148,14.89,14.88,4985.0,96.53,25.1
0.128,14.9,14.81,5024.0,95.66,27.46
0.11,15.04,13.88,5036.0,97.98,25.12
0.161,15.29,15.22,4945.0,98.78,21.26
0.152,14.72,14.97,4994.0,94.87,26.9
0.11,15.11,13.96,4983.0,97.8,22.15
0.136,15.08,14.57,4989.0,97.14,24.11
0.161,14.97,13.78,5016.0,97.16,24.1
0.137,15.02,14.05,5018.0,97.86,22.53
0.153,15.09,13.5,5034.0,97.84,22.17
0.155,14.97,14.27,4993.0,97.3,20.62
0.14,15.27,14.69,5010.0,97.48,23.26
0.14,15.03,14.76,4966.0,96.76,21.33
0.125,15.1,14.51,5015.0,96.48,21.07
0.161,14.94,14.7,5040.0,96.51,21.95
0.13,14.89,13.29,4976.0,98.73,23.12
0.11,14.76,15.04,4970.0,97.54,23.34
0.155,14.96,12.48,5026.0,97.31,21.2
0.154,15.29,13.74,5037.0,98.05,23.86
0.107,15.0,13.41,5023.0,96.76,23.04
0.141,14.92,14.35,4978.0,97.52,22.02
0.096,14.82,14.26,5034.0,96.95,22.46
0.155,15.05,15.14,4982.0,97.73,22.43
0.128,15.0,14.24,4990.0,96.6,21.25
0.115,15.05,14.32,5018.0,96.81,21.6
0.123,14.96,14.53,5015.0,97.03,25.11
0.127,14.93,13.48,5014.0,96.07,24.83
0.115,15.03,14.11,4997.0,98.32,21.96
0.133,15.03,13.73,5026.0,98.31,17.01
0.135,14.82,14.14,4981.0,95.02,25.7
0.122,15.08,14.32,5005.0,96.97,25.5
0.104,15.0,14.02,5027.0,97.38,21.58
0.139,14.91,14.89,5019.0,95.91,21.69
0.15,14.96,14.4,5048.0,97.64,24.35
0.106,14.93,13.78,4982.0,97.83,22.41
0.098,15.11,13.97,5015.0,97.66,23.6
0.111,15.13,15.17,4996.0,96.72,21.26
0.109,14.86,14.18,5049.0,98.38,22.01
0.107,15.02,13.9,4966.0,97.05,23.22
0.123,15.12,14.12,4939.0,97.88,24.47
0.151,15.14,13.34,5033.0,96.63,22.34
0.153,15.21,13.38,4983.0,97.31,20.59
0.135,15.2,13.62,5026.0,96.77,21.99
0.104,15.02,13.98,5008.0,97.67,24.93
0.1,15.05,14.19,5016.0,97.76,24.99
0.119,14.8,14.89,4984.0,97.57,21.75
0.128,15.14,13.81,5021.0,94.19,21.82
0.114,15.02,14.03,4993.0,97.71,21.91
0.163,14.77,15.45,4946.0,96.9,26.73
0.112,15.04,14.38,4984.0,95.48,23.08
0.149,15.11,14.16,4959.0,96.98,23.79
0.124,14.95,13.27,5024.0,96.53,24.67
0.126,14.99,13.81,4972.0,97.2,23.95
0.098,14.98,14.27,4997.0,96.28,23.79
0.12,14.97,13.68,4978.0,97.85,23.72
0.112,14.93,15.47,4908.0,98.41,24.28
0.147,14.67,15.43,4932.0,96.34,26.76
0.122,15.11,13.49,4996.0,95.45,22.88
0.148,14.91,14.47,5002.0,96.99,24.18
0.118,14.69,15.58,4911.0,93.48,25.52
0.147,15.06,13.72,4983.0,97.07,24.9
0.117,15.08,13.72,4998.0,97.06,18.7
0.128,15.09,14.55,5059.0,97.67,24.55
0.162,15.09,13.78,4966.0,95.54,22.23
0.117,14.99,14.04,5027.0,96.91,24.3
0.112,14.72,15.56,4894.0,92.63,26.16
0.157,14.92,14.05,4961.0,96.14,23.47
0.163,14.88,14.75,5025.0,96.17,26.96
0.112,14.95,14.35,4992.0,97.19,25.14
0.115,15.01,14.08,4981.0,97.32,22.73
0.116,14.93,14.29,5015.0,96.93,23.61
0.11,15.09,14.5,5035.0,96.63,23.16
0.177,15.1,13.58,4995.0,96.21,21.35
0.156,15.0,14.98,5035.0,96.47,20.88
0.181,15.07,14.44,5006.0,97.41,20.15
0.133,15.04,15.83,4832.0,93.15,19.86
0.084,15.03,15.06,5035.0,96.4,19.07
0.093,15.01,14.74,4963.0,96.89,23.03
0.132,15.14,14.08,4968.0,96.63,24.82
0.121,15.15,14.39,4947.0,97.74,23.91
0.148,15.06,13.86,5023.0,98.69,22.23
0.11,14.91,14.31,5025.0,96.06,23.9
0.095,15.1,13.78,5028.0,96.53,23.25
0.126,15.12,15.72,4904.0,92.94,22.27
0.138,14.9,14.37,5018.0,95.61,24.11
0.172,14.87,14.07,5051.0,98.79,23.07
0.137,14.98,14.03,4952.0,96.98,23.08
0.114,15.01,13.39,5021.0,96.08,24.6
0.134,14.89,14.86,5019.0,96.08,24.26
0.101,15.16,15.24,4954.0,96.64,24.44
0.15,14.91,13.84,4996.0,97.15,22.14
0.113,15.01,14.24,5008.0,97.8,23.35
0.172,14.93,12.88,4980.0,96.78,22.81
0.142,15.0,14.72,4913.0,95.84,25.41
0.132,14.93,14.2,5041.0,97.04,25.27
0.164,14.98,13.14,5021.0,99.13,27.99
0.117,15.02,14.33,5048.0,97.2,21.59
0.124,14.88,14.04,4984.0,97.32,25.4
0.165,15.09,13.76,5026.0,97.28,21.82
0.151,15.09,13.65,4984.0,96.02,22.64
0.113,15.02,14.6,4999.0,96.07,23.77
0.125,15.04,13.61,4998.0,97.26,23.42
0.1,14.94,14.15,4983.0,97.17,21.67
0.108,15.19,13.73,5030.0,97.64,24.0
0.145,15.02,14.67,4987.0,97.8,22.7
0.143,14.76,14.89,5020.0,96.27,25.6
0.174,14.97,13.98,5038.0,97.95,22.72
0.123,14.84,14.74,4979.0,96.6,21.13
0.149,14.92,14.39,4995.0,97.15,20.57
0.124,15.04,14.79,4983.0,95.25,23.57
0.184,14.98,13.05,4979.0,96.26,23.27
0.156,14.86,14.79,4951.0,95.91,23.24
0.139,14.93,15.57,4932.0,94.24,23.09
0.154,14.96,14.17,4940.0,96.14,18.67
0.131,15.0,14.71,4944.0,97.5,23.8
0.068,15.06,14.13,4933.0,95.23,22.32
0.163,15.05,14.07,5042.0,97.6,22.12
0.129,14.88,14.83,4966.0,94.7,23.0
0.167,15.03,14.66,4954.0,98.14,24.67
0.133,14.98,14.21,5029.0,97.57,20.62
0.11,15.05,13.8,4993.0,98.01,22.39
0.144,14.9,14.58,5000.0,96.44,22.97
0.123,14.81,13.74,5036.0,96.83,26.31
0.158,14.97,14.11,4987.0,97.04,21.99
0.141,15.15,13.52,4983.0,95.85,22.99
0.126,14.99,14.48,5058.0,97.99,23.16
0.155,15.0,14.59,4959.0,97.19,23.27
0.153,15.05,13.59,5055.0,96.42,21.7
0.128,15.11,13.39,4988.0,98.71,23.85
0.159,14.92,13.36,4998.0,98.28,20.53
0.124,15.06,14.66,5063.0,98.28,24.79
0.105,15.02,13.17,4992.0,97.33,23.5
0.139,14.92,14.4,5022.0,97.15,22.15
0.151,14.79,15.1,5009.0,95.98,27.13
0.137,14.84,14.18,4977.0,97.36,23.17
0.137,14.98,14.2,4976.0,96.83,24.89
0.149,15.03,13.59,5002.0,97.66,24.38
0.121,14.96,14.53,5015.0,97.66,21.69
0.138,14.92,14.15,4999.0,97.03,23.91
0.158,14.95,13.76,5040.0,97.18,23.05
0.144,14.77,15.63,4908.0,95.7,25.95
0.135,14.98,13.42,5028.0,97.23,22.61
0.129,14.92,13.69,5001.0,97.61,25.04
0.141,15.11,15.48,4902.0,96.06,23.22
0.129,14.92,15.44,4913.0,96.62,22.65
0.121,14.93,13.47,4982.0,97.01,21.03
0.113,14.78,15.09,5019.0,96.25,20.71
0.168,14.99,13.69,4998.0,97.0,25.4
0.147,14.98,15.43,4976.0,97.71,22.2
0.142,15.02,14.37,4974.0,96.59,19.67
0.131,15.06,13.33,4955.0,97.31,22.41
0.115,15.16,13.49,4950.0,95.58,21.43
0.137,15.16,13.32,5018.0,96.06,21.36
0.139,14.98,13.89,5010.0,98.47,23.46
0.135,14.95,14.21,5019.0,97.18,23.64
0.154,14.75,16.08,4814.0,96.02,22.99
0.151,14.99,13.09,5041.0,96.95,23.84
0.176,14.85,14.07,5039.0,96.75,24.58
0.136,14.84,14.34,4981.0,97.08,22.59
0.132,14.87,13.44,4986.0,95.98,22.7
0.141,14.91,15.14,5033.0,96.59,22.03
0.138,14.75,16.91,4722.0,94.21,25.81
0.145,15.06,13.84,4958.0,97.08,24.09
0.153,14.89,14.42,4988.0,96.77,26.11
0.142,14.86,14.17,5018.0,98.03,20.86
0.115,14.95,14.61,5029.0,97.2,23.44
0.148,14.92,14.69,5010.0,97.46,25.6
0.147,15.04,14.33,5034.0,97.72,22.51
0.156,15.03,14.68,5034.0,96.96,20.09
0.14,15.19,13.59,5023.0,97.67,24.77
0.143,14.81,14.15,4983.0,96.12,21.81
0.116,15.09,13.27,4972.0,98.41,19.46
0.157,15.02,13.83,5026.0,96.52,23.63
0.126,14.91,13.43,4964.0,97.48,21.25
0.113,15.08,14.01,4992.0,96.3,23.55
0.137,14.94,14.29,5016.0,96.61,27.07
0.13,15.07,14.01,4996.0,97.5,21.62
0.13,14.61,15.13,5042.0,96.79,25.62
0.101,15.09,14.2,5007.0,96.66,21.91
0.132,14.75,15.08,4991.0,97.52,21.86
0.087,14.92,14.22,4995.0,96.35,21.35
0.172,14.91,14.39,4989.0,96.41,21.52
0.118,14.94,14.33,4965.0,96.8,23.07
0.128,15.05,13.5,5024.0,97.67,23.19
0.136,14.93,13.61,5038.0,98.6,21.93
0.132,15.01,13.23,4965.0,98.63,20.62
0.151,15.09,13.88,4965.0,97.33,21.76
0.127,15.01,13.42,4982.0,97.41,22.4
0.156,14.98,14.42,4972.0,96.07,23.38
0.101,14.8,13.32,4998.0,95.79,26.65
0.173,14.95,13.72,4973.0,98.57,23.12
0.106,14.69,15.37,4919.0,97.84,25.59
0.135,14.92,14.18,5052.0,97.99,23.21
0.176,14.91,14.26,5003.0,97.81,25.16
0.121,14.84,14.08,4979.0,97.12,27.75
0.108,14.98,14.04,5002.0,98.52,20.96
0.144,15.05,14.23,4986.0,96.63,24.91
0.148,15.03,13.91,4989.0,96.31,24.81
0.151,15.14,14.5,5038.0,96.74,21.98
0.129,14.95,14.59,5020.0,97.69,23.23
0.163,15.07,14.24,4995.0,97.51,25.08
0.109,14.88,14.4,5024.0,97.82,24.29
0.163,15.15,14.96,5030.0,96.57,24.64
0.165,15.08,14.53,4974.0,96.54,23.66
0.168,15.04,14.1,4998.0,97.16,25.36
0.073,14.93,14.62,5009.0,96.63,21.94
0.133,14.97,13.89,5011.0,96.7,23.54
0.121,14.98,14.69,5039.0,97.71,21.6
0.093,14.95,14.13,5018.0,97.5,22.43
0.143,14.99,13.43,4979.0,96.36,25.2
0.14,14.89,14.62,4975.0,97.46,22.21
0.146,14.88,13.77,4993.0,97.34,21.07
0.154,14.91,13.72,5043.0,95.37,25.06
0.17,14.99,13.95,5034.0,97.42,23.03
0.139,15.0,15.0,4960.0,96.85,20.55
0.1,15.15,14.66,5054.0,96.49,21.5
0.147,14.95,15.11,4938.0,96.43,24.03
0.14,15.03,13.57,5013.0,97.35,21.52
0.146,14.95,13.38,5009.0,96.63,20.93
0.144,14.77,16.51,4765.0,96.37,25.53
0.111,15.01,14.54,4997.0,98.17,20.72
0.119,14.95,14.5,5031.0,97.17,21.52
0.125,15.03,14.31,5031.0,96.36,23.87
0.131,15.01,14.56,4955.0,98.2,21.97
0.092,14.82,13.64,4984.0,97.78,26.17
0.125,15.0,15.38,4945.0,96.3,24.32
0.144,14.94,14.26,4981.0,95.8,24.11
0.162,14.94,13.65,4979.0,97.59,24.66
0.159,15.0,14.38,4964.0,96.61,25.05
0.131,14.82,13.8,5042.0,96.97,26.2
0.151,15.0,14.62,4955.0,97.73,20.09
0.117,14.96,15.02,5002.0,97.98,21.8
0.16,14.9,14.55,4974.0,97.56,24.31
0.144,14.95,13.71,4980.0,97.22,18.07
0.148,15.01,14.38,4954.0,98.38,20.65
0.142,14.81,13.31,5005.0,96.59,21.84
0.127,15.14,14.1,4978.0,95.66,23.83
0.15,15.14,13.72,5029.0,96.66,24.96
0.105,15.05,14.48,5016.0,97.3,19.11
0.159,15.02,14.36,4974.0,96.84,21.78
0.185,14.98,13.96,5036.0,96.06,22.68
0.159,14.83,15.43,4949.0,97.81,22.4
0.146,14.96,13.63,5031.0,96.66,23.79
0.166,15.08,14.35,4980.0,98.06,23.66
0.107,15.05,13.92,4961.0,96.85,22.9
0.14,15.04,14.41,4954.0,95.98,21.37
0.124,15.16,14.15,4947.0,96.71,21.33
0.166,15.04,15.48,4954.0,96.67,23.62
0.137,15.07,14.09,4985.0,96.37,20.59
0.136,14.88,13.63,4987.0,95.3,22.28
0.137,14.77,15.78,4831.0,92.91,22.01
0.133,14.97,13.83,4976.0,96.71,23.45
0.129,14.87,13.41,5011.0,96.82,21.59
0.164,14.84,14.65,4975.0,97.62,24.29
0.132,14.99,14.45,4995.0,97.03,24.33
0.158,14.9,13.83,5024.0,97.3,22.91
0.112,14.65,15.66,4905.0,92.53,25.66
0.123,14.82,14.14,5071.0,97.34,26.17
0.118,15.1,12.96,4998.0,96.64,24.87
0.13,15.05,13.51,5028.0,96.93,21.77
0.147,14.9,13.43,4983.0,97.01,22.81
0.121,14.99,13.75,5017.0,97.87,24.15
0.157,15.03,14.74,5011.0,97.85,22.3
0.111,15.08,14.02,4982.0,98.09,25.25
0.144,14.96,14.21,4978.0,97.51,24.58
0.138,15.01,14.74,4977.0,96.64,25.3
0.154,15.16,13.99,4915.0,97.58,20.14
0.119,15.09,14.78,5033.0,97.36,24.74
0.156,14.79,16.46,4782.0,93.23,22.42
0.149,15.1,14.54,4948.0,98.06,23.76
0.158,15.16,13.67,4977.0,97.47,23.35
0.128,15.01,14.09,5074.0,98.45,20.96
0.142,15.25,13.67,4934.0,96.49,24.63
0.129,15.02,14.03,5001.0,96.95,19.51
0.12,14.9,13.16,4974.0,97.2,26.13
0.136,14.94,13.67,4986.0,97.26,23.17
0.161,14.92,14.27,4967.0,96.46,23.8
0.115,15.03,14.39,5010.0,97.81,22.16
0.12,14.92,14.61,5057.0,97.63,23.46
0.135,15.07,13.86,4945.0,96.0,22.02
0.096,15.01,14.14,5058.0,96.87,19.21
0.146,15.0,14.32,5033.0,97.13,23.24
0.139,15.11,14.17,5006.0,97.09,22.54
0.129,15.05,13.99,4998.0,97.78,24.6
0.132,14.89,13.34,4978.0,96.97,20.22
0.122,14.83,13.31,4996.0,97.37,24.07
0.125,15.01,14.21,4981.0,97.36,21.7
0.166,15.04,14.49,5036.0,98.33,22.59
0.157,14.7,15.62,4866.0,92.27,25.54
0.16,15.11,14.26,5014.0,96.99,20.73
0.12,14.96,13.12,5001.0,96.37,21.66
0.128,14.9,14.4,4960.0,97.65,23.31
0.087,14.96,13.83,4961.0,96.75,20.42
0.136,15.04,14.0,4936.0,97.4,21.71
0.193,15.02,14.52,5022.0,96.52,23.2
0.12,15.02,13.33,5015.0,96.41,24.64
0.168,14.83,14.56,4986.0,96.2,26.57
0.128,15.06,13.5,5023.0,96.82,23.53
0.127,14.94,14.15,5033.0,97.0,23.13
0.114,15.0,13.27,4973.0,96.71,24.39
0.155,15.0,14.63,4959.0,97.27,23.38
0.138,15.04,14.1,4959.0,98.73,21.86
0.119,14.91,14.3,5010.0,97.12,23.01
0.16,14.95,14.03,5017.0,96.96,20.29
0.092,14.93,14.14,4979.0,96.28,24.07
0.152,15.03,14.77,4944.0,97.75,20.31
0.125,15.04,15.29,4904.0,96.65,24.61
0.16,14.94,13.01,4964.0,96.1,21.3
0.139,14.96,14.94,4993.0,97.07,22.88
0.149,15.03,13.67,4965.0,97.14,23.0
0.095,15.01,14.22,5075.0,97.01,22.6
0.143,15.03,14.14,4981.0,96.68,17.5
0.154,14.91,14.12,5018.0,97.21,23.47
0.123,14.97,14.62,4990.0,98.07,25.25
0.166,14.97,13.68,5015.0,97.77,25.17
0.147,15.23,14.86,4947.0,96.16,25.39
0.13,14.99,13.84,4958.0,95.71,24.49
0.105,14.92,14.48,4962.0,96.68,22.28
0.129,14.95,14.24,5039.0,97.16,22.83
0.115,15.08,15.23,4932.0,97.03,22.16
0.132,15.01,15.16,4993.0,98.1,21.92
0.142,14.97,14.56,5016.0,97.37,21.54
0.118,15.14,14.1,4983.0,95.88,25.08
0.179,15.07,13.74,5039.0,96.81,20.98
0.128,14.98,14.09,4972.0,96.54,22.75
0.125,14.99,13.88,4948.0,96.7,24.05
0.147,15.02,14.36,5009.0,97.23,24.22
0.105,14.95,13.8,4981.0,97.78,24.27
0.146,15.11,13.74,4973.0,96.38,23.05
0.121,14.99,14.7,4985.0,96.32,22.67
0.162,15.03,14.97,4964.0,97.79,25.65
0.178,15.02,14.05,5024.0,97.21,22.81
0.118,15.01,13.95,4997.0,95.86,24.73
0.139,15.09,14.42,4996.0,96.45,20.56
0.132,15.08,14.73,5003.0,97.07,22.72
0.14,14.84,14.01,5023.0,97.41,24.35
0.123,14.86,13.46,4994.0,96.73,22.57
0.156,14.94,13.94,5020.0,98.47,24.18
0.124,14.99,14.18,5021.0,97.44,24.07
0.14,15.04,14.75,5004.0,96.32,23.62
0.176,15.05,14.45,5014.0,97.06,23.5
0.151,14.77,14.76,5004.0,96.79,24.52
0.145,14.87,14.79,4974.0,97.87,21.78
0.14,14.88,15.11,4952.0,97.87,23.82
0.168,15.12,15.58,4896.0,92.49,25.29
0.137,14.94,13.5,5054.0,95.47,20.95
0.147,14.89,14.06,5024.0,97.16,22.93
0.136,14.93,15.16,5022.0,96.51,19.98
0.169,15.09,14.92,5007.0,98.0,25.08
0.131,14.94,14.4,4956.0,96.54,23.29
0.142,14.86,13.83,4950.0,95.48,24.53
0.152,14.84,14.07,5017.0,98.01,22.38
0.152,14.91,13.92,5026.0,97.28,22.52
0.138,14.63,15.14,4962.0,96.61,26.66
0.114,15.04,13.87,4945.0,96.39,23.74
0.137,15.0,13.77,5025.0,98.54,24.47
0.122,15.05,13.97,5018.0,96.74,21.21
0.148,15.13,14.0,4988.0,97.51,19.93
0.114,15.18,14.27,5042.0,97.33,23.79
0.19,14.94,14.84,4983.0,97.46,21.28
0.138,15.16,14.05,4987.0,97.18,22.43
0.181,14.69,15.5,4981.0,96.34,26.23
0.137,14.96,14.43,4990.0,95.97,23.8
0.139,14.96,13.43,4959.0,96.6,24.46
0.144,15.08,14.0,4985.0,95.82,24.64
0.128,15.3,14.04,4993.0,95.67,22.23
0.114,15.19,13.85,5021.0,97.58,24.18
0.152,14.98,15.71,4947.0,91.5,22.69
0.149,14.86,13.82,4989.0,96.98,19.21
0.129,14.98,13.65,4970.0,96.02,24.98
0.16,15.02,13.15,5004.0,95.34,23.72
0.157,14.97,13.87,4987.0,98.2,20.88
0.128,15.1,14.31,4950.0,96.34,21.17
0.109,15.04,13.75,4963.0,96.73,24.22
0.117,14.94,13.93,5027.0,96.9,25.52
0.098,14.84,14.35,4962.0,96.73,21.65
0.145,14.98,13.56,5010.0,95.81,22.59
0.124,14.99,13.96,5000.0,98.21,23.53
0.145,14.86,13.46,4996.0,98.05,22.21
0.156,14.94,14.81,5000.0,96.87,19.21
0.136,14.94,14.47,4949.0,96.44,18.67
0.14,14.98,14.8,4934.0,97.74,25.41
0.157,15.14,13.78,5002.0,97.67,25.28
0.173,15.03,14.99,5030.0,97.75,24.87
0.142,15.24,14.1,5037.0,96.34,21.1
0.19,14.77,15.91,4919.0,95.9,26.28
0.14,14.86,13.8,5013.0,96.83,24.11
0.101,15.07,13.81,5009.0,94.97,22.22
0.148,14.97,14.22,5042.0,96.02,22.85
0.149,14.96,13.71,4941.0,95.61,22.52
0.167,14.62,16.09,4817.0,93.8,25.74
0.134,14.73,15.17,4970.0,97.52,23.76
0.158,14.84,13.03,5011.0,97.47,20.48
0.117,14.81,14.16,5016.0,96.4,19.43
0.165,15.01,13.37,5005.0,96.53,23.36
0.136,14.89,14.16,4979.0,96.42,21.11
0.117,15.08,14.92,5007.0,96.28,24.5
0.153,15.06,13.84,5052.0,96.97,22.25
0.121,15.19,14.83,5000.0,96.89,23.81
0.135,14.82,14.05,4976.0,96.49,24.17
0.164,15.0,13.99,5034.0,96.55,24.16
0.108,14.96,14.14,5013.0,96.69,23.65
0.151,15.0,13.77,5003.0,98.95,22.99
0.131,14.84,14.52,5026.0,96.87,22.48
0.125,15.22,14.08,4990.0,97.77,23.47
0.142,15.12,14.83,5030.0,98.54,20.4
0.122,14.9,13.52,5045.0,96.69,26.21
0.154,15.07,13.9,4983.0,96.04,23.32
0.145,14.96,14.21,4973.0,97.01,25.03
0.133,14.94,13.91,4994.0,97.25,22.35
0.144,15.08,15.04,4962.0,97.09,24.66
0.146,14.87,14.79,4994.0,97.6,20.87
0.122,15.06,14.56,5007.0,97.79,24.23
0.108,14.92,13.37,5045.0,96.36,22.13
0.09,15.01,13.1,4990.0,96.14,22.87
0.118,14.92,14.8,4918.0,96.41,22.49
0.147,14.96,13.64,4987.0,97.2,25.03
0.133,15.08,14.25,4983.0,97.33,25.07
0.128,15.08,13.96,4993.0,96.44,24.15
0.161,15.17,14.78,4960.0,96.47,23.17
0.12,14.83,14.4,5059.0,96.19,27.63
0.13,15.03,14.49,5042.0,97.61,21.04
0.11,15.03,14.45,4959.0,95.89,22.87
0.151,15.07,14.6,4998.0,96.99,20.11
0.098,15.0,13.56,5018.0,97.03,20.93
0.126,15.04,13.98,5020.0,96.7,22.54
0.164,15.05,14.1,4993.0,96.75,21.33
0.173,15.08,14.61,5003.0,97.43,23.44
0.118,15.07,14.45,4998.0,96.72,23.14
0.103,14.92,13.66,4968.0,95.53,22.3
0.121,14.95,14.68,4993.0,96.25,24.73
0.147,14.96,13.93,4986.0,97.51,23.65
0.164,15.06,14.0,5005.0,99.25,21.0
0.135,15.04,14.32,4943.0,96.9,23.56
0.151,14.84,13.51,5013.0,96.3,25.31
0.151,15.12,12.92,5028.0,97.79,23.89
0.148,15.03,14.28,5025.0,96.3,21.62
0.124,14.8,14.92,5001.0,97.34,20.33
0.159,14.86,15.22,4945.0,95.11,25.74
0.138,14.89,13.49,4944.0,96.57,22.05
0.117,15.05,14.05,4947.0,96.95,23.56
0.15,15.11,14.46,5047.0,98.25,25.46
0.163,14.92,13.24,5001.0,95.95,23.14
0.162,15.04,14.43,4973.0,98.35,25.0
0.131,15.03,14.44,4899.0,96.82,25.2
0.159,15.18,14.35,5003.0,96.4,23.84
0.157,14.85,13.72,5008.0,96.43,23.28
0.166,15.08,14.68,5050.0,97.01,21.81
0.118,15.02,13.15,4998.0,96.86,24.63
0.144,15.13,13.8,4958.0,97.18,22.53
0.162,14.79,14.64,4988.0,98.17,25.77
0.121,14.73,15.18,4935.0,95.46,24.99
0.157,14.89,14.2,4935.0,97.73,25.19
0.147,14.99,14.34,4993.0,96.54,17.85
0.151,14.87,14.3,5037.0,97.43,25.47
0.147,15.08,13.06,5043.0,98.23,24.34
0.143,14.9,15.02,4953.0,95.91,23.54
0.105,14.98,13.69,4974.0,98.3,22.17
0.126,15.05,13.6,5031.0,96.76,23.31
0.161,14.97,14.62,4958.0,97.06,23.46
0.118,15.1,13.63,4981.0,97.01,23.91
0.125,15.0,14.65,4985.0,97.73,24.63
0.164,14.8,16.01,4801.0,93.47,26.1
0.163,14.81,13.17,5023.0,98.54,25.67
0.137,14.85,13.12,5015.0,95.88,22.68
0.136,15.14,13.92,5027.0,97.81,20.49
0.12,15.15,13.8,5052.0,97.98,22.11
0.148,15.14,13.72,5060.0,96.72,21.05
0.136,15.22,14.64,5010.0,96.95,20.39
0.144,15.03,14.1,4978.0,95.87,22.98
0.119,14.85,14.81,4978.0,97.68,24.04
0.181,15.26,14.73,4927.0,96.5,24.38
0.134,14.95,15.41,4954.0,96.06,22.84
0.147,15.06,13.28,4958.0,97.22,24.77
0.137,14.97,13.9,4997.0,96.99,20.55
0.106,14.93,13.5,4977.0,96.84,24.09
0.151,14.83,14.51,4984.0,97.86,26.56
0.192,14.96,13.84,5013.0,96.26,21.51
0.162,15.02,15.2,4917.0,98.29,21.44
0.129,14.95,13.93,4999.0,96.32,23.3
0.16,15.12,13.93,4970.0,95.85,20.18
0.119,14.84,14.32,4952.0,96.63,22.99
0.141,14.88,14.5,4943.0,98.54,22.45
0.136,14.94,14.23,5014.0,96.91,22.11
0.162,14.84,14.65,5042.0,95.88,24.3
0.166,15.05,13.27,4981.0,96.81,22.73
0.154,15.02,14.89,5002.0,96.67,19.42
0.149,14.92,14.29,4924.0,96.56,25.59
0.155,15.07,13.8,5026.0,97.07,21.24
0.121,14.97,14.7,4963.0,96.36,22.24
0.16,14.77,15.31,4896.0,97.92,27.44
0.133,14.92,14.16,4924.0,97.86,23.25
0.147,15.16,15.06,4969.0,96.94,23.69
0.129,14.92,13.81,4981.0,97.78,22.11
0.132,14.91,14.17,4971.0,97.04,21.49
0.16,15.0,14.86,5033.0,97.6,24.76
0.148,14.98,13.9,5043.0,97.21,24.69
0.151,14.93,13.61,4973.0,96.05,25.77
0.108,15.09,13.56,5021.0,95.76,20.45
0.155,15.06,12.87,5038.0,98.56,22.6
0.163,14.97,14.44,4989.0,97.54,21.46
0.132,15.06,13.84,4953.0,96.93,22.64
0.144,15.08,14.78,5026.0,96.7,23.09
0.158,14.96,15.83,4907.0,92.92,23.55
0.126,15.19,14.05,5036.0,96.56,21.2
0.135,15.03,14.64,4993.0,97.74,23.94
0.138,14.66,16.37,4837.0,94.87,27.04
0.121,14.72,16.36,4707.0,93.71,25.72
0.1,14.76,15.29,4915.0,95.88,21.85
0.152,14.92,15.16,4957.0,96.77,24.91
0.165,15.07,13.76,4971.0,98.24,25.12
0.14,15.06,13.87,4977.0,98.87,20.47
0.133,15.06,13.13,5046.0,97.1,20.52
0.126,15.04,14.12,4981.0,96.21,21.8
0.155,15.05,15.17,4960.0,97.46,24.54
0.151,14.83,14.76,5010.0,96.38,26.25
0.161,14.99,13.98,4985.0,97.55,19.8
0.12,15.04,13.91,4958.0,97.05,22.64
0.132,15.05,14.29,5009.0,95.96,21.87
0.12,15.05,15.64,4861.0,93.38,21.86
0.114,15.07,13.64,5047.0,97.05,22.67
0.15,15.26,14.86,4960.0,95.23,19.35
0.123,14.73,15.82,4853.0,94.17,25.9
0.101,14.96,13.98,5005.0,97.48,21.18
0.129,14.82,14.34,4928.0,96.78,24.56
0.118,14.86,14.54,5011.0,95.41,20.86
0.149,15.06,14.01,4991.0,96.89,23.83
0.109,14.93,14.75,5001.0,97.08,23.09
0.146,15.0,14.83,4998.0,97.22,20.78
0.162,14.95,14.17,5068.0,96.78,21.95
0.155,15.03,14.8,4996.0,95.3,22.31
0.122,15.03,12.99,5020.0,96.33,22.22
0.159,14.94,13.64,4997.0,96.34,20.31
0.13,15.04,13.71,5014.0,96.09,23.57
0.088,14.92,14.01,4987.0,96.32,23.33
0.15,14.79,16.5,4802.0,92.11,27.54
0.123,14.83,14.04,5011.0,97.29,26.35
0.125,14.92,13.52,4961.0,98.14,25.18
0.159,14.87,16.03,4858.0,94.44,26.93
0.157,15.02,13.66,4972.0,96.43,26.07
0.151,15.06,14.52,5006.0,98.44,22.94
0.179,15.07,14.75,4967.0,97.05,24.08
0.104,14.98,14.45,4983.0,96.49,22.36
0.115,14.96,13.89,4999.0,97.14,23.19
0.161,15.02,14.94,5055.0,96.85,23.61
0.096,14.83,14.1,4989.0,96.16,26.9
0.15,15.05,15.42,4912.0,96.69,24.88
0.122,14.78,15.97,4868.0,96.09,17.99
0.094,14.92,14.65,4996.0,96.87,20.01
0.126,14.94,14.94,4987.0,96.92,23.27
0.126,14.89,14.07,4958.0,95.91,19.81
0.144,15.14,13.91,5009.0,98.14,22.04
0.124,15.04,14.19,5053.0,96.42,21.25
0.126,14.86,14.66,5035.0,98.08,22.28
0.15,15.12,14.45,5021.0,95.68,22.31
0.115,15.09,13.61,5060.0,97.61,19.54
0.129,14.9,14.26,4972.0,96.92,26.28
0.154,15.06,14.93,5012.0,97.03,20.25
0.127,14.79,16.1,4861.0,94.52,26.43
0.141,15.19,14.24,4951.0,97.14,24.22
0.15,15.04,14.52,4980.0,97.59,22.72
0.171,14.99,14.18,5001.0,96.34,20.09
0.126,14.84,14.76,4995.0,96.94,25.67
0.137,15.04,13.28,4990.0,97.49,25.0
0.129,14.98,15.12,4976.0,96.54,25.1
0.126,14.75,15.85,4873.0,92.69,23.16
0.107,14.93,13.85,4969.0,97.12,26.17
0.122,14.91,14.55,4990.0,97.67,22.14
0.135,15.09,13.68,5002.0,97.37,24.44
0.145,15.06,13.72,4971.0,97.08,24.64
0.123,14.97,14.14,4950.0,97.94,25.83
0.179,14.99,13.9,5001.0,97.08,27.08
0.149,14.88,14.48,4976.0,98.7,19.16
0.129,15.01,14.51,5014.0,96.97,22.24
0.171,15.0,13.57,5011.0,95.97,21.95
0.099,14.8,15.67,4920.0,94.03,26.69
0.101,15.06,14.04,4996.0,96.72,24.97
0.147,14.97,13.67,5003.0,97.32,20.82
0.142,15.1,13.41,5026.0,97.69,23.99
0.155,14.86,13.33,4993.0,95.88,19.44
0.129,14.94,13.85,5013.0,97.29,21.82
0.121,15.03,13.9,5004.0,96.98,23.1
0.151,14.95,14.12,5013.0,97.5,21.63
0.12,15.07,15.02,5017.0,96.17,22.52
0.144,14.9,13.94,4968.0,96.9,21.4
0.138,14.94,13.43,5001.0,96.54,24.73
0.158,15.14,14.32,5031.0,97.1,24.44
0.147,15.06,13.67,4977.0,96.66,23.91
0.125,14.94,14.85,4977.0,97.68,25.23
0.142,14.77,16.56,4762.0,95.19,25.75
0.143,15.02,13.57,4999.0,97.16,22.12
0.139,15.11,14.79,4978.0,97.39,21.64
0.152,14.68,15.98,4896.0,91.54,26.18
0.171,14.85,13.91,4976.0,99.26,21.49
0.12,15.03,14.15,4975.0,97.85,22.9
0.135,14.88,14.35,4971.0,97.61,20.37
0.13,15.2,13.72,5011.0,96.72,24.91
0.157,15.15,14.49,4969.0,97.76,23.07
0.135,14.88,14.35,4963.0,96.23,23.46
0.132,14.9,13.77,5008.0,98.06,21.04
0.152,15.01,13.48,4967.0,97.9,21.89
0.104,15.06,13.74,5001.0,97.07,22.04
0.114,14.89,13.96,5016.0,96.74,24.89
0.101,14.77,15.33,4921.0,97.03,26.66
0.159,15.08,14.03,5008.0,96.91,25.21
0.138,15.19,13.25,5012.0,97.57,24.7
0.152,14.97,13.46,5023.0,96.3,24.16
0.142,14.98,14.15,5015.0,97.8,23.03
0.144,14.9,14.37,4993.0,96.9,21.46
0.096,15.1,13.69,4964.0,97.0,22.28
0.158,14.93,14.88,4998.0,96.95,18.57
0.151,14.7,15.17,4963.0,98.18,25.54
0.134,14.96,13.7,4990.0,97.27,23.96
0.132,14.97,13.74,4955.0,96.51,24.08
0.167,15.05,14.55,4970.0,97.54,22.12
0.126,14.95,14.16,4976.0,97.51,21.6
0.119,15.2,13.16,4981.0,96.61,19.7
0.145,15.12,13.81,5046.0,96.36,24.56
0.135,15.05,14.76,4971.0,97.17,22.0
0.15,15.04,13.92,5040.0,96.91,24.67
0.14,14.92,13.37,5007.0,96.39,23.52
0.139,14.8,15.05,5009.0,97.06,21.65
0.173,15.08,13.65,4988.0,97.35,23.61
0.116,15.01,14.23,4983.0,97.97,22.28
0.162,14.69,15.81,4865.0,95.02,25.93
0.118,15.18,14.18,4968.0,97.94,23.05
0.134,14.94,13.92,4996.0,97.9,23.76
0.135,14.65,14.7,5083.0,97.2,25.53
0.123,14.98,13.41,5018.0,96.17,24.29
0.132,14.91,14.04,4996.0,96.5,23.71
0.118,14.79,15.23,4962.0,96.77,24.66
0.164,15.13,14.27,4991.0,97.31,22.11
0.136,14.88,13.98,4979.0,95.61,26.81
0.178,14.75,14.4,4993.0,98.58,21.95
0.138,15.08,13.66,4987.0,98.37,21.42
0.119,15.06,13.94,5024.0,96.88,24.73
0.175,15.14,13.7,5054.0,96.93,25.03
0.113,15.19,13.76,4997.0,96.44,22.65
0.171,15.03,13.9,4995.0,97.04,23.97
0.176,14.85,15.16,4907.0,95.13,23.03
0.145,14.95,13.94,4988.0,98.45,23.93
0.126,15.1,15.34,5000.0,96.24,24.88
0.173,14.79,14.78,4955.0,97.97,22.52
0.119,14.56,16.45,4834.0,94.43,25.87
0.146,15.21,13.6,4971.0,96.36,22.67
0.129,15.06,14.28,4993.0,98.09,22.39
0.15,15.07,14.37,4991.0,97.33,25.1
0.124,15.02,13.61,5010.0,96.65,24.34
0.095,15.01,13.89,5046.0,97.7,22.38
0.132,15.05,14.02,5042.0,98.62,24.8
0.149,15.03,14.59,4971.0,98.22,23.67
0.147,14.97,14.89,5039.0,96.27,21.7
0.124,14.96,13.87,4989.0,97.69,23.24
0.113,15.12,14.81,4962.0,96.01,23.58
0.148,14.96,14.13,4960.0,98.01,21.6
0.124,14.93,13.88,5013.0,97.43,21.34
0.134,15.26,13.95,4941.0,96.82,22.98
0.144,14.96,13.85,4953.0,95.34,24.66
0.106,15.0,14.08,4981.0,97.06,22.31
0.11,15.1,13.45,4930.0,98.66,22.67
0.131,15.15,14.91,4993.0,98.65,24.39
0.134,14.72,14.73,4957.0,97.93,26.35
0.128,15.08,14.32,4982.0,96.1,22.23
0.123,14.78,15.98,4849.0,95.53,20.09
0.147,15.08,14.1,4954.0,96.94,24.68
0.133,14.97,14.2,4999.0,95.68,21.96
0.112,15.01,13.84,4997.0,96.91,23.27
0.166,15.05,14.9,4973.0,96.59,19.5
0.127,14.96,14.98,4970.0,98.04,23.26
0.129,14.91,14.56,5007.0,96.79,22.75
0.161,15.03,12.99,4997.0,96.96,22.34
0.119,14.9,13.79,5055.0,96.88,25.17
0.178,14.96,13.28,4977.0,97.46,20.33
0.156,15.12,13.93,4969.0,96.46,23.37
0.107,15.04,13.29,5028.0,97.73,23.53
0.139,15.04,13.82,4997.0,97.81,23.16
0.132,15.09,14.39,5002.0,97.12,25.38
0.123,15.2,15.25,4991.0,97.72,19.13
0.09,14.91,13.24,4999.0,98.01,23.74
0.193,14.79,15.85,4900.0,94.89,24.92
0.137,15.06,13.59,4996.0,97.2,24.87
0.114,15.09,14.63,5070.0,97.62,23.7
0.116,14.89,14.49,5006.0,97.84,18.92
0.138,14.92,13.34,4997.0,98.52,21.58
0.134,14.9,13.91,5046.0,97.25,23.52
0.156,14.78,15.62,4886.0,93.78,22.17
0.163,15.09,14.79,4995.0,96.07,20.79
0.173,15.01,14.24,5012.0,98.87,21.41
0.142,14.86,14.56,4968.0,98.87,24.03
0.112,15.07,14.98,4950.0,95.63,25.07
0.165,15.03,13.8,4996.0,97.33,25.05
0.134,15.0,15.16,4992.0,96.31,23.25
0.127,14.91,14.28,4998.0,96.26,24.08
0.167,14.83,13.48,5030.0,96.84,26.62
0.129,14.73,15.5,4915.0,94.04,26.01
0.176,14.87,14.26,5003.0,96.36,24.89
0.149,14.98,15.46,4847.0,97.06,21.65
0.152,15.02,14.93,4991.0,95.48,22.97
0.153,14.98,13.87,4970.0,97.42,21.35
0.145,15.02,13.49,4990.0,96.75,23.21
0.148,14.94,14.31,4982.0,97.21,19.94
0.157,14.95,13.83,4942.0,95.31,23.79
0.127,14.88,14.29,4953.0,97.23,26.34
0.13,14.87,13.96,4988.0,97.41,25.76
0.167,15.16,13.86,4994.0,97.48,25.05
0.125,14.99,14.93,5035.0,97.11,22.61
0.145,14.74,15.9,4838.0,93.74,26.62
0.116,14.73,15.4,4989.0,96.39,19.28
0.128,14.95,13.87,5015.0,96.46,24.91
0.112,15.05,13.5,5009.0,97.2,22.35
0.171,14.91,13.8,4949.0,96.74,24.82
0.146,14.98,15.87,4877.0,93.32,20.14
0.158,15.08,13.17,5067.0,97.12,23.08
0.145,15.0,14.27,4945.0,97.08,23.96
0.115,14.93,13.74,4989.0,96.44,23.65
0.16,15.19,15.4,4970.0,98.26,24.23
0.143,15.16,13.34,5007.0,96.86,22.09
0.141,15.05,13.95,4991.0,96.64,24.48
0.108,15.1,15.01,5022.0,97.74,19.9
0.187,14.92,14.72,4973.0,97.17,20.7
0.151,15.19,13.72,5017.0,97.35,22.96
0.15,14.94,14.44,4981.0,98.43,24.66
0.132,14.98,14.73,5024.0,96.51,20.74
0.097,14.8,16.19,4823.0,92.62,26.55
0.165,14.89,13.25,5015.0,97.69,21.88
0.13,15.03,13.78,5023.0,96.64,19.46
0.154,14.99,14.79,5053.0,96.87,24.65
0.116,15.0,13.89,4991.0,97.02,25.01
0.148,14.92,14.36,4987.0,96.89,23.06
0.119,14.95,13.82,4989.0,97.92,26.87
0.106,14.98,14.55,5019.0,95.8,22.44
0.134,14.97,13.79,5012.0,97.22,21.06
0.128,14.91,13.13,5018.0,97.98,26.6
0.128,15.15,13.17,4999.0,97.43,25.05
0.178,15.01,14.01,4996.0,97.73,25.18
0.147,15.1,15.5,4866.0,92.49,18.63
0.117,14.78,15.49,4884.0,97.28,27.1
0.158,15.0,14.41,4947.0,98.11,23.48
0.135,15.07,13.72,5004.0,95.04,21.48
0.165,14.99,14.72,5047.0,97.74,23.53
0.113,15.02,13.57,4971.0,96.83,23.98
0.151,15.12,14.63,4995.0,97.56,22.55
0.086,14.82,14.01,5020.0,97.85,23.13
0.131,15.11,14.78,5000.0,96.18,22.71
0.131,14.81,13.45,5030.0,96.94,22.29
0.14,14.72,16.09,4819.0,93.64,26.08
0.121,14.94,13.24,4985.0,96.91,25.27
0.134,15.06,13.16,5010.0,96.13,20.93
0.149,14.99,14.6,4995.0,96.38,23.28
0.129,15.02,13.62,5022.0,95.86,22.37
0.154,15.02,14.41,5025.0,96.67,19.92
0.144,14.9,13.69,4959.0,97.45,23.56
0.148,14.84,14.05,5061.0,96.24,24.76
0.087,14.99,15.19,4947.0,96.69,24.86
0.152,15.04,13.82,5014.0,97.2,23.27
0.123,14.89,13.7,5018.0,96.21,23.77
0.121,14.79,15.38,4953.0,97.37,24.02
0.13,15.1,14.16,5052.0,96.14,23.88
0.157,14.85,14.99,4990.0,96.32,25.93
0.099,14.84,14.44,4950.0,96.21,19.16
0.143,14.86,13.83,4990.0,96.61,22.0
0.106,14.93,14.21,5013.0,97.17,24.49
0.136,14.85,13.03,5007.0,95.67,24.74
0.146,14.98,14.6,4971.0,97.08,24.1
0.178,14.98,14.22,5012.0,97.8,23.29
0.133,14.98,14.02,4959.0,96.41,24.54
0.139,14.91,13.34,5060.0,96.17,20.3
0.126,15.1,14.39,5016.0,96.93,22.97
0.144,15.2,13.68,5073.0,97.66,23.78
0.147,14.97,14.23,4974.0,97.4,23.43
0.147,14.98,14.43,4978.0,97.71,24.1
0.158,14.9,14.04,4944.0,98.18,22.02
0.149,14.99,13.6,5027.0,97.95,21.96
0.162,15.17,13.3,5018.0,96.51,23.72
0.106,15.07,13.72,4964.0,95.71,21.46
0.141,14.99,13.71,5025.0,97.32,24.46
0.108,14.94,14.13,5003.0,96.67,23.31
0.177,14.91,13.59,4983.0,98.11,22.87
0.151,15.15,13.77,4978.0,98.28,23.52
0.123,14.67,14.97,5016.0,97.67,26.05
0.131,14.94,13.06,5018.0,98.27,20.38
0.132,15.08,14.84,5021.0,96.96,22.3
0.141,14.83,14.6,4982.0,97.55,22.56
0.108,14.9,13.71,5011.0,96.61,23.78
0.125,14.77,15.69,4886.0,94.97,24.34
0.112,15.07,13.89,4984.0,95.99,22.93
0.151,14.64,14.38,4994.0,97.18,27.39
0.146,14.81,14.87,4980.0,96.73,19.63
0.143,14.97,13.19,5016.0,97.39,24.11
0.166,14.97,15.37,4938.0,97.34,19.86
0.106,15.08,15.14,4979.0,97.66,22.25
0.122,14.81,15.1,5003.0,97.68,26.27
0.144,14.69,16.07,4877.0,94.29,25.76
0.167,14.75,15.11,4967.0,96.85,26.19
0.165,14.79,14.49,4969.0,96.32,25.96
0.125,15.13,13.69,4997.0,96.93,24.63
0.112,15.01,15.3,4948.0,96.09,25.16
0.147,14.94,13.32,5015.0,97.87,25.16
0.126,15.03,12.78,5006.0,96.16,23.51
0.138,15.04,13.81,4983.0,96.52,20.86
0.119,14.87,13.3,4989.0,96.47,23.91
0.151,15.11,13.98,4960.0,96.51,22.55
0.12,15.14,14.29,5013.0,96.58,22.81
0.119,14.9,14.74,5041.0,96.66,26.55
0.106,14.96,15.89,4792.0,92.47,21.69
0.121,15.06,13.63,4981.0,96.43,18.94
0.128,14.91,13.82,4986.0,98.63,22.81
0.155,14.79,15.68,4891.0,92.01,23.57
0.148,15.06,15.02,4961.0,96.52,21.74
0.124,14.92,13.57,5055.0,97.52,22.47
0.145,14.94,13.41,5021.0,97.86,23.32
0.135,15.01,13.47,5011.0,97.0,22.74
0.133,14.96,14.5,5028.0,96.38,23.22
0.152,15.15,15.3,4991.0,98.13,22.65
0.152,14.81,13.98,5039.0,97.14,25.83
0.156,15.18,13.93,4982.0,97.87,20.71
0.133,14.84,14.16,4957.0,97.22,21.36
0.1,14.65,15.58,4946.0,94.27,26.41
0.124,14.84,14.26,5004.0,96.51,22.57
0.097,14.97,14.29,5059.0,97.47,23.76
0.125,15.08,13.19,4980.0,96.51,19.92
0.124,14.88,14.3,4986.0,98.35,21.17
0.141,15.05,13.68,5015.0,97.63,25.08
0.144,15.16,14.1,5003.0,94.47,19.18
0.127,14.92,14.37,4949.0,95.87,25.47
0.105,14.91,13.87,5010.0,98.27,21.27
0.17,15.27,13.49,5033.0,97.12,20.9
0.117,14.9,14.7,5014.0,96.68,21.59
0.133,14.98,14.28,4999.0,97.61,23.33
0.182,15.06,15.46,4994.0,97.83,22.89
0.116,14.98,14.23,5006.0,96.53,22.97
0.167,15.01,13.73,5036.0,96.26,25.32
0.14,15.05,13.91,4997.0,98.28,25.17
0.147,14.87,13.95,4987.0,96.91,23.7
0.17,14.85,14.71,4982.0,96.9,22.26
0.126,14.85,14.08,5061.0,97.52,23.76
0.121,15.12,14.94,4984.0,95.73,22.3
0.134,14.94,14.49,4988.0,95.91,22.5
0.141,15.0,14.89,5060.0,96.21,22.18
0.154,15.0,13.74,5011.0,97.55,24.58
0.165,14.84,14.02,5021.0,97.23,28.0
0.134,14.85,14.06,4974.0,96.44,22.64
0.152,14.78,15.89,4835.0,94.22,25.75
0.15,15.02,14.52,5019.0,95.98,18.91
0.148,15.07,14.31,5023.0,97.15,21.41
0.155,15.13,13.61,5076.0,96.69,21.57
0.108,15.28,14.16,4987.0,94.79,22.14
0.135,14.9,14.02,4971.0,97.43,22.77
0.139,14.88,14.55,4976.0,95.96,21.82
0.147,14.9,13.65,5021.0,97.57,24.51
0.154,14.88,14.6,5023.0,98.04,22.33
0.125,14.97,13.34,4920.0,97.37,23.5
0.129,14.92,14.21,4969.0,97.45,25.27
0.179,14.93,14.13,5012.0,96.89,23.99
0.134,14.81,14.19,5033.0,97.62,27.54
0.14,15.13,14.83,5069.0,96.76,20.82
0.161,14.88,14.01,4999.0,95.42,20.75
0.155,14.91,14.46,5002.0,97.72,25.2
0.116,14.85,14.33,4986.0,96.27,22.4
0.126,15.05,14.59,4946.0,96.25,20.02
0.139,14.88,13.73,4951.0,97.63,22.96
0.152,14.93,14.69,5002.0,98.34,25.66
0.148,14.98,14.88,4989.0,96.88,23.78
0.082,15.09,14.58,4984.0,96.89,22.81
0.138,15.04,15.22,4987.0,97.38,16.29
0.132,15.09,14.12,5007.0,97.8,21.32
0.162,14.68,16.2,4792.0,94.91,26.37
0.137,15.02,14.68,4973.0,95.71,23.76
0.148,14.95,14.31,4994.0,96.5,22.1
0.131,14.77,14.47,5040.0,97.77,25.93
0.134,14.91,14.2,4976.0,96.94,27.24
0.132,15.07,15.11,4978.0,96.71,24.73
0.139,14.81,14.27,5049.0,98.13,25.81
0.13,15.0,13.8,4990.0,96.67,20.89
0.11,14.99,13.6,4987.0,97.34,25.41
0.15,14.99,13.67,5013.0,97.05,23.5
0.14,14.91,13.99,4975.0,96.77,24.71
0.159,15.05,13.51,5014.0,98.08,22.79
0.17,15.12,14.98,4975.0,98.59,19.22
0.158,15.0,14.03,5037.0,96.44,19.26
0.19,14.99,13.68,4972.0,97.22,21.9
0.168,15.0,15.99,4847.0,90.81,23.11
0.15,15.06,14.54,4978.0,96.69,22.74
0.104,14.79,16.95,4693.0,91.88,23.97
0.184,15.04,14.41,4986.0,97.91,23.63
0.132,14.94,13.05,4990.0,97.09,21.79
0.106,14.9,14.51,5027.0,96.77,21.66
0.133,14.94,14.23,4948.0,95.69,26.82
0.154,15.13,13.92,5008.0,95.79,17.36
0.113,14.98,14.08,5006.0,97.25,18.69
0.15,15.14,14.54,4969.0,97.65,22.51
0.147,14.92,13.85,4987.0,97.02,21.7
0.102,14.86,14.56,5057.0,97.24,21.68
0.111,15.17,14.66,4990.0,97.46,21.46
0.19,15.02,13.43,5051.0,95.92,23.1
0.174,14.87,13.17,4954.0,96.69,25.56
0.114,14.94,13.84,4958.0,98.03,20.15
0.168,15.0,14.03,4960.0,97.13,21.9
0.144,15.15,14.45,5021.0,97.0,18.12
0.125,15.01,13.99,5008.0,97.13,24.05
0.117,14.78,15.06,5010.0,97.02,23.19
0.145,15.06,14.17,5093.0,95.69,25.0
0.128,14.86,13.94,4958.0,98.16,26.17
0.158,15.04,14.13,5047.0,94.98,21.97
0.12,14.9,14.58,4998.0,98.0,24.37
0.156,14.99,14.14,4972.0,96.76,20.55
0.147,15.18,13.64,5034.0,96.26,25.19
0.137,14.99,14.82,4995.0,96.19,21.33
0.126,14.82,13.62,4985.0,96.07,26.28
0.12,15.05,14.88,4951.0,95.72,23.94
0.129,14.88,13.11,5031.0,97.52,24.11
0.141,14.95,13.59,5014.0,96.38,24.31
0.136,14.98,14.61,5029.0,95.79,23.53
0.123,14.73,16.5,4737.0,92.86,26.02
0.163,15.05,14.11,5060.0,96.42,22.39
0.13,14.9,14.79,5048.0,96.65,22.88
0.159,14.98,14.46,4982.0,97.39,22.79
0.134,14.95,13.78,5069.0,97.18,24.18
0.135,14.95,13.74,5029.0,96.38,22.03
0.165,14.98,13.7,5027.0,96.2,22.16
0.122,14.79,15.84,4836.0,92.17,26.65
0.118,15.03,14.23,5009.0,96.16,23.87
0.133,14.92,14.27,5026.0,98.04,25.05
0.144,15.07,13.43,5025.0,96.92,23.75
0.18,14.92,13.99,4977.0,95.93,27.77
0.173,14.76,15.04,4998.0,95.54,25.5
0.146,14.8,15.49,4904.0,96.1,24.2
0.139,15.03,13.74,5018.0,97.39,24.43
0.112,14.95,14.88,4953.0,96.45,21.25
0.121,15.03,13.89,4969.0,97.29,20.57
0.158,15.1,13.56,5023.0,97.71,19.7
0.138,14.76,16.73,4765.0,92.4,27.66
0.152,14.83,13.61,4986.0,97.76,25.91
0.158,15.04,14.1,4912.0,95.99,21.54
0.159,15.0,16.14,4824.0,93.48,22.92
0.161,14.77,16.0,4826.0,94.53,25.96
0.118,14.99,14.32,5023.0,96.92,24.96
0.141,15.11,14.68,4964.0,96.16,24.41
0.121,14.94,15.9,4883.0,94.09,24.08
0.138,15.3,13.47,5016.0,96.2,22.71
0.156,15.0,14.55,5013.0,97.42,22.01
0.12,14.82,13.63,4986.0,97.94,27.94
0.174,15.05,13.95,5013.0,97.57,21.16
0.172,15.05,14.5,5021.0,96.86,22.62
0.141,14.85,14.6,5032.0,96.8,20.62
0.143,15.23,15.11,4988.0,96.92,20.1
0.147,14.92,14.64,4988.0,97.86,22.66
0.131,15.05,14.61,4991.0,96.38,21.63
0.132,14.78,15.98,4852.0,93.38,29.07
0.112,14.98,14.52,4987.0,96.67,23.54
0.165,14.94,13.29,4985.0,97.08,21.56
0.155,15.07,15.56,4885.0,90.86,24.52
0.137,14.89,14.22,5018.0,96.62,25.73
0.144,14.8,13.96,4994.0,97.43,25.86
0.105,14.95,14.86,4987.0,97.03,24.39
0.128,14.85,14.07,5017.0,97.68,24.78
0.142,15.1,14.89,4999.0,96.97,22.78
0.149,15.11,14.35,4998.0,96.74,23.01
0.147,15.17,14.27,5017.0,98.41,22.2
0.147,15.2,13.61,5064.0,96.81,20.56
0.184,14.94,14.31,5017.0,97.0,21.66
0.131,14.81,13.04,4985.0,96.74,22.93
0.128,15.02,14.81,5043.0,95.6,23.76
0.147,14.91,14.95,4998.0,97.14,24.5
0.139,15.03,14.59,4973.0,98.05,23.64
0.108,14.99,14.97,5016.0,95.87,25.05
0.117,14.93,15.3,4998.0,97.08,23.6
0.106,15.1,13.83,5001.0,97.41,19.34
0.143,15.01,14.4,4930.0,97.46,22.37
0.137,15.07,14.47,5028.0,96.12,22.21
0.13,14.84,14.37,5010.0,97.04,25.79
0.133,15.0,15.14,4943.0,96.7,22.54
0.143,15.16,13.13,4952.0,96.93,21.31
0.152,14.98,14.19,4922.0,97.44,24.15
0.123,15.13,14.18,4983.0,97.25,24.41
0.16,15.09,14.78,5029.0,97.12,21.51
0.14,14.72,15.43,4902.0,97.1,26.29
0.188,15.07,13.47,4979.0,96.49,23.87
0.169,15.11,13.95,4972.0,96.22,24.12
0.156,14.94,13.81,4992.0,96.81,22.17
0.127,14.94,14.19,4994.0,97.48,19.92
0.123,14.92,14.56,4977.0,97.12,20.51
0.109,15.08,13.52,5016.0,97.6,22.58
0.153,14.95,13.78,4987.0,97.13,23.58
0.09,15.05,14.53,5026.0,97.74,23.81
0.13,15.15,15.13,4995.0,96.83,23.9
0.133,15.02,14.13,5026.0,97.99,20.25
0.158,15.04,14.78,4992.0,98.76,24.11
0.147,15.02,14.54,4973.0,96.91,20.16
0.14,15.05,14.91,5081.0,98.17,24.41
0.163,14.69,14.92,4998.0,96.25,25.67
0.131,14.68,16.17,4822.0,93.47,25.62
0.135,14.86,14.07,5031.0,96.53,23.46
0.126,14.82,13.72,4979.0,97.42,26.29
0.148,15.11,13.86,4987.0,96.94,23.1
0.124,14.84,13.87,4973.0,97.48,21.73
0.139,15.24,13.74,5049.0,96.25,22.99
0.153,14.94,13.78,4959.0,96.51,24.65
0.159,15.08,14.82,5018.0,98.01,21.64
0.187,14.78,15.7,4871.0,94.44,26.67
0.158,14.99,13.7,5017.0,96.84,21.81
0.134,14.89,14.15,5097.0,96.85,24.15
0.119,15.0,14.4,4993.0,96.77,22.87
0.147,14.89,14.68,4981.0,96.77,24.91
0.12,14.87,14.13,5032.0,95.77,25.64
0.151,15.07,15.29,5044.0,97.53,23.45
0.138,14.78,15.56,4943.0,92.07,22.15
0.162,14.95,12.87,4960.0,95.96,20.18
0.111,15.07,14.07,4982.0,95.47,20.64
0.17,15.06,14.05,4965.0,97.71,22.45
0.131,14.81,14.33,5013.0,97.29,22.6
0.135,14.98,14.16,5026.0,96.97,21.85
0.095,14.9,13.83,5091.0,96.18,21.84
0.147,14.94,13.06,4970.0,97.04,19.71
0.162,14.85,13.74,5005.0,96.55,21.37
0.109,14.95,13.88,5020.0,96.42,21.59
0.155,15.06,14.91,5056.0,98.76,24.1
0.108,14.81,14.01,4980.0,97.79,20.76
0.133,15.04,14.46,4959.0,96.04,24.04
0.175,15.18,13.84,5032.0,98.1,21.1
0.134,15.0,14.24,5043.0,98.02,24.28
0.154,15.06,14.39,5000.0,96.66,21.93
0.125,15.06,14.63,5092.0,97.75,22.83
0.149,15.07,13.7,4982.0,98.3,23.14
0.122,14.98,15.47,4920.0,97.95,24.45
0.117,14.57,16.11,4821.0,92.39,25.97
0.123,14.96,13.91,5054.0,96.73,25.05
0.113,14.99,14.25,5007.0,96.28,21.17
0.14,15.07,14.14,5040.0,95.49,20.86
0.148,15.0,13.78,5011.0,96.29,22.39
0.132,15.04,14.31,5009.0,96.83,24.3
0.146,14.97,13.63,5002.0,97.61,20.89
0.163,14.94,14.32,4958.0,96.0,25.92
0.181,15.09,15.21,4978.0,96.96,23.37
0.138,14.94,14.19,5021.0,97.62,20.07
0.15,14.78,15.62,5000.0,93.55,21.84
0.17,15.13,13.68,4961.0,97.82,24.21
0.149,15.01,14.26,5036.0,97.05,21.51
0.152,15.05,14.51,4976.0,96.7,22.36
0.208,14.78,15.0,4967.0,97.08,26.83
0.139,14.92,14.14,4967.0,96.91,23.89
0.165,15.02,13.53,5057.0,97.8,22.79
0.155,14.92,13.72,4998.0,96.05,24.55
0.142,14.87,13.51,5017.0,96.96,23.61
0.112,14.73,14.59,5057.0,97.57,25.8
0.14,14.98,13.45,5031.0,96.39,22.81
0.154,15.24,14.02,4995.0,97.95,23.74
0.155,14.83,12.91,5007.0,97.72,21.48
0.161,14.76,15.64,4923.0,95.5,24.66
0.149,14.99,14.07,4999.0,97.43,23.27
0.149,15.04,14.46,5057.0,97.65,23.95
0.126,14.93,14.44,4950.0,97.14,20.15
0.131,15.0,13.3,4988.0,96.33,23.81
0.129,14.99,13.6,4944.0,96.87,23.15
0.148,14.8,14.57,4975.0,97.19,22.61
0.154,15.05,13.64,5026.0,96.35,23.84
0.118,15.02,14.64,4947.0,96.34,24.01
0.119,14.73,16.74,4745.0,93.17,18.0
0.158,15.02,13.39,4996.0,96.84,23.98
0.117,14.98,15.23,5022.0,97.51,20.49
0.102,14.92,13.56,5004.0,95.93,20.59
0.162,14.85,13.35,4990.0,95.84,25.72
0.157,14.6,15.52,4904.0,92.94,25.98
0.146,15.09,14.37,4993.0,97.31,20.88
0.132,14.93,13.57,5042.0,96.78,24.45
0.157,15.07,13.44,4982.0,96.66,19.69
0.148,15.1,13.14,5037.0,97.84,21.7
0.152,15.05,14.31,4986.0,96.15,25.17
0.167,15.01,14.37,5024.0,96.35,23.14
0.128,14.87,15.28,4914.0,97.1,22.87
0.151,14.9,13.18,4999.0,96.02,22.42
0.113,14.97,14.38,4905.0,96.62,25.28
0.07,14.95,14.55,5042.0,96.26,21.52
0.161,15.19,14.75,5018.0,96.67,24.2
0.137,14.96,15.24,5002.0,97.82,25.18
0.122,15.03,13.83,4973.0,98.17,21.38
0.15,15.14,13.65,4979.0,96.87,22.08
0.155,15.05,14.94,4945.0,98.1,23.88
0.161,15.08,13.92,4937.0,97.16,24.56
0.121,14.97,14.33,4995.0,97.61,21.7
0.119,14.93,13.64,5014.0,98.45,22.51
0.117,14.9,14.02,4997.0,96.29,23.2
0.111,14.97,13.67,4974.0,98.07,22.84
0.153,15.03,14.54,5056.0,96.13,22.87
0.171,15.04,13.71,4980.0,97.89,24.69
0.119,14.98,13.86,5011.0,98.03,21.22
0.136,15.05,13.72,5025.0,97.71,22.24
0.143,14.92,14.17,5034.0,96.42,22.1
0.139,15.09,13.85,5012.0,96.78,22.01
0.108,14.96,13.98,4996.0,96.9,21.61
0.147,15.01,14.33,4993.0,97.08,21.33
0.134,15.15,14.21,4971.0,97.38,23.47
0.111,15.07,13.86,4985.0,96.27,21.23
0.159,15.05,15.01,4972.0,98.09,24.5
0.143,15.01,13.87,5005.0,97.6,20.92
0.153,14.86,13.72,5034.0,98.22,24.16
0.11,14.91,15.21,4986.0,96.28,21.67
0.12,14.91,15.25,4972.0,97.64,26.58
0.147,15.05,14.75,5008.0,98.1,20.7
0.1,14.92,15.33,4957.0,97.12,21.1
0.125,15.18,14.12,4988.0,96.14,23.64
0.164,14.86,14.3,4974.0,97.77,25.9
0.145,14.99,13.97,4988.0,96.3,23.69
0.164,14.98,13.57,4964.0,95.92,21.14
0.139,15.15,14.71,4984.0,96.82,21.25
0.149,15.05,15.38,4923.0,96.42,23.48
0.151,15.04,14.76,4991.0,97.49,23.88
0.129,15.06,13.96,4969.0,97.11,23.93
0.142,14.95,13.81,4953.0,97.04,25.62
0.113,14.67,15.6,4887.0,95.86,27.65
0.128,15.03,15.71,4918.0,93.88,24.86
0.107,14.68,15.54,4969.0,93.34,26.86
0.121,14.94,13.99,4995.0,96.6,25.17
0.132,14.86,14.05,5029.0,97.98,24.86
0.125,14.82,14.72,4964.0,98.26,24.44
0.145,15.1,14.27,5024.0,94.59,22.86
0.163,14.98,13.96,4969.0,96.98,21.74
0.121,14.85,14.13,5030.0,97.25,24.21
0.13,15.09,14.73,5001.0,96.65,24.3
0.142,15.12,13.85,4994.0,96.42,19.82
0.171,15.11,14.14,4995.0,95.64,24.59
0.153,15.1,15.38,4924.0,97.27,23.82
0.165,15.02,13.7,4996.0,96.29,22.96
0.14,14.47,15.66,4881.0,93.41,25.63
0.156,15.07,15.2,4948.0,95.71,21.59
0.136,15.11,14.51,4956.0,98.83,23.45
0.105,15.13,13.99,4921.0,97.37,23.35
0.13,15.0,13.44,4997.0,96.08,20.7
0.155,14.99,13.31,5005.0,96.28,23.18
0.129,15.02,13.99,5011.0,97.8,21.63
0.17,14.96,13.5,5010.0,96.88,22.56
0.154,15.08,13.79,4983.0,97.73,21.74
0.127,14.95,13.68,4996.0,96.16,22.48
0.15,15.04,13.84,4976.0,97.48,24.54
0.165,14.65,15.19,4974.0,97.89,26.55
0.16,15.03,13.7,5014.0,97.15,24.37
0.119,14.77,14.62,5003.0,95.76,26.73
0.137,14.9,13.24,5049.0,96.72,21.01
0.13,15.1,14.3,5001.0,96.73,24.83
0.137,14.98,13.9,5033.0,96.08,24.29
0.12,15.18,13.76,5000.0,99.22,20.34
0.13,14.99,13.51,5037.0,97.36,24.16
0.155,15.01,14.58,4954.0,96.66,24.77
0.156,14.69,16.41,4833.0,94.88,26.29
0.123,14.83,14.73,5048.0,97.3,22.24
0.177,14.72,15.65,4925.0,93.97,25.77
0.092,14.92,14.32,4988.0,95.8,23.96
0.109,15.19,13.9,5000.0,96.73,24.59
0.128,14.98,13.57,5018.0,96.45,20.4
0.121,14.92,14.8,4968.0,97.96,25.61
0.124,14.59,16.04,4807.0,92.87,26.96
0.146,14.92,14.73,4968.0,96.3,25.47
0.157,15.1,15.19,4912.0,97.35,22.99
0.138,14.91,15.33,4936.0,96.6,22.9
0.159,15.09,14.67,4924.0,97.61,22.52
0.13,14.92,13.89,5009.0,95.95,22.82
0.132,14.86,14.06,5000.0,98.58,21.62
0.135,15.03,13.63,5021.0,97.0,22.79
0.131,14.94,14.53,4989.0,96.34,25.32
0.149,14.75,14.91,5039.0,97.57,25.77
0.138,15.0,13.61,5031.0,96.48,23.64
0.153,14.93,13.97,5003.0,97.85,21.63
0.141,14.78,16.15,4859.0,95.47,25.91
0.103,14.97,14.63,4994.0,96.02,23.87
0.134,15.08,13.25,5048.0,96.18,24.78
0.146,14.82,14.75,4962.0,97.26,26.0
0.118,14.84,13.99,5069.0,97.17,22.59
0.167,14.84,13.99,5004.0,96.42,20.98
0.157,14.93,14.7,4993.0,97.28,24.23
0.12,14.84,14.06,5003.0,97.46,25.65
0.145,15.01,13.63,4969.0,97.08,25.25
0.137,15.08,14.94,4959.0,95.76,23.46
0.128,15.08,14.11,4982.0,97.79,23.48
0.131,15.14,14.47,4957.0,96.28,19.43
0.102,14.77,14.99,5033.0,97.52,25.52
0.106,15.03,14.37,4986.0,98.32,20.47
0.141,15.17,14.56,4995.0,97.91,21.14
0.139,14.94,14.19,5022.0,96.6,24.41
0.118,15.04,13.85,4969.0,95.51,21.28
0.138,14.97,15.37,4985.0,96.71,21.24
0.118,14.98,13.89,4985.0,96.75,22.44
0.125,15.12,13.79,4968.0,96.08,24.1
0.119,14.94,14.37,5024.0,96.19,20.67
0.143,14.98,14.37,4960.0,96.09,21.1
0.15,14.62,15.77,4910.0,94.81,25.53
0.138,15.0,14.42,5021.0,96.99,20.78
0.155,14.78,15.87,4877.0,92.48,26.26
0.137,15.02,14.46,4979.0,94.99,24.89
0.17,15.01,13.82,5033.0,97.87,21.93
0.14,14.94,14.03,5049.0,97.28,22.73
0.139,15.12,14.16,4991.0,97.81,25.45
0.152,14.94,13.9,4988.0,96.22,23.92
0.117,15.18,14.71,5031.0,96.3,23.94
0.144,15.19,14.29,5005.0,97.12,22.69
0.12,15.14,14.84,5037.0,98.23,21.22
0.141,15.07,14.94,5043.0,96.34,26.11
0.152,15.16,14.81,5019.0,97.12,23.19
0.135,14.93,14.18,5051.0,96.23,22.26
0.158,14.98,14.1,4994.0,96.72,21.9
0.147,14.94,15.67,4912.0,93.61,23.98
0.124,15.0,14.52,5013.0,96.03,21.56
0.148,15.1,13.65,4987.0,97.9,24.44
0.12,15.09,14.18,5009.0,96.68,22.46
0.107,15.05,15.4,4920.0,96.86,24.32
0.105,14.95,13.92,5045.0,97.19,25.08
0.101,15.21,13.33,4999.0,96.26,23.34
0.125,15.09,13.16,5034.0,96.74,24.73
0.128,14.86,14.08,4925.0,95.82,25.37
0.126,15.07,14.62,5036.0,96.04,23.61
0.172,15.0,14.37,4955.0,96.9,25.4
0.144,14.94,14.52,5020.0,98.81,20.73
0.173,14.99,13.71,5035.0,97.39,24.54
0.19,15.18,13.89,4996.0,97.83,20.88
0.136,15.14,13.22,4973.0,97.42,25.48
0.174,14.99,13.6,5067.0,97.29,25.42
0.158,14.88,14.04,4959.0,97.22,24.99
0.139,15.21,15.14,4953.0,96.77,20.91
0.108,14.96,13.56,5038.0,96.36,22.96
0.148,15.17,14.61,5020.0,97.75,22.1
0.15,14.93,13.84,5022.0,96.6,24.8
0.141,14.97,13.42,4997.0,97.48,22.48
0.144,14.86,14.19,5016.0,97.69,20.56
0.17,15.17,14.86,5013.0,97.94,22.14
0.181,14.75,16.06,4853.0,93.15,26.32
0.145,15.27,14.31,5012.0,97.37,23.79
0.145,14.96,14.96,4979.0,95.8,22.07
0.139,15.05,15.42,4949.0,97.13,22.92
0.176,15.06,14.27,4991.0,96.59,22.91
0.148,15.07,13.69,5018.0,97.93,22.41
0.117,14.96,14.13,5061.0,96.94,20.1
0.155,14.89,14.38,4970.0,96.96,22.69
0.133,14.9,14.17,5014.0,97.87,23.19
0.129,15.07,15.22,4927.0,98.15,25.06
0.12,14.76,16.2,4841.0,93.94,26.2
0.146,14.87,14.04,5020.0,96.88,24.92
0.156,14.95,15.02,4962.0,97.04,24.64
0.119,15.07,13.5,5009.0,97.39,25.26
0.18,14.96,13.59,4989.0,95.99,25.22
0.165,14.88,12.93,4970.0,97.72,24.57
0.122,15.12,14.13,4957.0,95.64,24.29
0.111,15.05,15.04,5021.0,97.08,23.13
0.137,15.2,13.91,5024.0,96.93,24.55
0.162,14.97,14.51,5020.0,96.99,21.26
0.138,14.81,13.69,5042.0,97.87,21.3
0.161,15.11,14.11,4983.0,97.9,22.95
0.135,14.98,14.34,5011.0,97.02,23.9
0.116,15.27,13.98,4979.0,97.59,22.83
0.166,14.99,13.43,5020.0,98.01,23.6
0.14,14.99,15.08,4966.0,96.27,24.23
0.17,14.88,13.57,4966.0,96.38,21.01
0.141,14.96,13.58,4996.0,96.93,23.69
0.126,14.96,15.57,4922.0,92.63,24.44
0.148,15.08,14.23,4993.0,97.5,25.1
0.108,15.11,14.19,4942.0,98.41,20.59
0.11,14.97,14.1,4976.0,97.14,23.06
0.122,14.93,13.62,4926.0,98.17,24.98
0.16,14.68,14.99,5040.0,96.58,25.52
0.152,15.01,13.41,4995.0,97.81,24.46
0.152,15.06,13.74,5003.0,97.47,21.27
0.131,15.04,15.79,4887.0,93.3,24.87
0.115,15.04,14.21,5007.0,97.2,23.63
0.151,14.94,14.11,5025.0,95.94,21.76
0.165,15.02,14.07,4974.0,97.43,22.86
0.154,15.02,14.51,5014.0,95.91,23.47
0.138,15.15,14.6,4968.0,96.8,24.14
0.147,14.86,13.66,5019.0,95.86,23.86
0.16,15.09,15.07,4949.0,97.3,24.79
0.128,15.19,13.25,4957.0,97.16,24.63
0.125,14.97,14.37,4982.0,96.2,23.44
0.126,14.96,15.0,4996.0,96.97,22.92
0.126,15.07,13.6,4985.0,97.9,20.08
0.112,14.88,13.75,4963.0,97.47,20.58
0.195,14.89,14.23,4974.0,97.09,24.14
0.126,14.93,14.33,5014.0,96.85,19.99
0.129,15.15,13.99,5028.0,96.85,23.0
0.163,15.1,14.0,4986.0,97.04,23.26
0.127,15.03,14.93,4979.0,95.08,25.11
0.176,14.94,13.84,5012.0,96.34,23.37
0.134,15.13,13.88,4941.0,96.5,22.89
0.145,14.88,13.54,4988.0,97.66,22.66
0.129,15.04,13.41,4956.0,96.98,25.11
0.122,14.96,14.64,5003.0,96.93,22.38
0.149,14.91,13.5,5010.0,97.21,20.22
0.135,14.97,14.5,5006.0,97.56,22.57
0.156,15.06,15.01,4982.0,97.36,23.63
0.17,15.05,14.79,5029.0,97.39,20.82
